# This file is automatically @generated by Poetry 2.1.4 and should not be changed by hand.

[[package]]
name = "appnope"
version = "0.1.4"
description = "Disable App Nap on macOS >= 10.9"
optional = false
python-versions = ">=3.6"
groups = ["dev"]
markers = "platform_system == \"Darwin\""
files = [
    {file = "appnope-0.1.4-py2.py3-none-any.whl", hash = "sha256:502575ee11cd7a28c0205f379b525beefebab9d161b7c964670864014ed7213c"},
    {file = "appnope-0.1.4.tar.gz", hash = "sha256:1de3860566df9caf38f01f86f65e0e13e379af54f9e4bee1e66b48f2efffd1ee"},
]

[[package]]
name = "asttokens"
version = "3.0.0"
description = "Annotate AST trees with source code positions"
optional = false
python-versions = ">=3.8"
groups = ["dev"]
files = [
    {file = "asttokens-3.0.0-py3-none-any.whl", hash = "sha256:e3078351a059199dd5138cb1c706e6430c05eff2ff136af5eb4790f9d28932e2"},
    {file = "asttokens-3.0.0.tar.gz", hash = "sha256:0dcd8baa8d62b0c1d118b399b2ddba3c4aff271d0d7a9e0d4c1681c79035bbc7"},
]

[package.extras]
astroid = ["astroid (>=2,<4)"]
test = ["astroid (>=2,<4)", "pytest", "pytest-cov", "pytest-xdist"]

[[package]]
name = "boto3"
version = "1.40.21"
description = "The AWS SDK for Python"
optional = false
python-versions = ">=3.9"
groups = ["main"]
files = [
    {file = "boto3-1.40.21-py3-none-any.whl", hash = "sha256:3772fb828864d3b7046c8bdf2f4860aaca4a79f25b7b060206c6a5f4944ea7f9"},
    {file = "boto3-1.40.21.tar.gz", hash = "sha256:876ccc0b25517b992bd27976282510773a11ebc771aa5b836a238ea426c82187"},
]

[package.dependencies]
botocore = ">=1.40.21,<1.41.0"
jmespath = ">=0.7.1,<2.0.0"
s3transfer = ">=0.13.0,<0.14.0"

[package.extras]
crt = ["botocore[crt] (>=1.21.0,<2.0a0)"]

[[package]]
name = "botocore"
version = "1.40.21"
description = "Low-level, data-driven core of boto 3."
optional = false
python-versions = ">=3.9"
groups = ["main"]
files = [
    {file = "botocore-1.40.21-py3-none-any.whl", hash = "sha256:574ecf9b68c1721650024a27e00e0080b6f141c281ebfce49e0d302969270ef4"},
    {file = "botocore-1.40.21.tar.gz", hash = "sha256:f77e9c199df0252b14ea739a9ac99723940f6bde90f4c2e7802701553a62827b"},
]

[package.dependencies]
jmespath = ">=0.7.1,<2.0.0"
python-dateutil = ">=2.1,<3.0.0"
urllib3 = {version = ">=1.25.4,<2.2.0 || >2.2.0,<3", markers = "python_version >= \"3.10\""}

[package.extras]
crt = ["awscrt (==0.27.6)"]

[[package]]
name = "cffi"
version = "1.17.1"
description = "Foreign Function Interface for Python calling C code."
optional = false
python-versions = ">=3.8"
groups = ["dev"]
markers = "implementation_name == \"pypy\""
files = [
    {file = "cffi-1.17.1-cp310-cp310-macosx_10_9_x86_64.whl", hash = "sha256:df8b1c11f177bc2313ec4b2d46baec87a5f3e71fc8b45dab2ee7cae86d9aba14"},
    {file = "cffi-1.17.1-cp310-cp310-macosx_11_0_arm64.whl", hash = "sha256:8f2cdc858323644ab277e9bb925ad72ae0e67f69e804f4898c070998d50b1a67"},
    {file = "cffi-1.17.1-cp310-cp310-manylinux_2_12_i686.manylinux2010_i686.manylinux_2_17_i686.manylinux2014_i686.whl", hash = "sha256:edae79245293e15384b51f88b00613ba9f7198016a5948b5dddf4917d4d26382"},
    {file = "cffi-1.17.1-cp310-cp310-manylinux_2_17_aarch64.manylinux2014_aarch64.whl", hash = "sha256:45398b671ac6d70e67da8e4224a065cec6a93541bb7aebe1b198a61b58c7b702"},
    {file = "cffi-1.17.1-cp310-cp310-manylinux_2_17_ppc64le.manylinux2014_ppc64le.whl", hash = "sha256:ad9413ccdeda48c5afdae7e4fa2192157e991ff761e7ab8fdd8926f40b160cc3"},
    {file = "cffi-1.17.1-cp310-cp310-manylinux_2_17_s390x.manylinux2014_s390x.whl", hash = "sha256:5da5719280082ac6bd9aa7becb3938dc9f9cbd57fac7d2871717b1feb0902ab6"},
    {file = "cffi-1.17.1-cp310-cp310-manylinux_2_17_x86_64.manylinux2014_x86_64.whl", hash = "sha256:2bb1a08b8008b281856e5971307cc386a8e9c5b625ac297e853d36da6efe9c17"},
    {file = "cffi-1.17.1-cp310-cp310-musllinux_1_1_aarch64.whl", hash = "sha256:045d61c734659cc045141be4bae381a41d89b741f795af1dd018bfb532fd0df8"},
    {file = "cffi-1.17.1-cp310-cp310-musllinux_1_1_i686.whl", hash = "sha256:6883e737d7d9e4899a8a695e00ec36bd4e5e4f18fabe0aca0efe0a4b44cdb13e"},
    {file = "cffi-1.17.1-cp310-cp310-musllinux_1_1_x86_64.whl", hash = "sha256:6b8b4a92e1c65048ff98cfe1f735ef8f1ceb72e3d5f0c25fdb12087a23da22be"},
    {file = "cffi-1.17.1-cp310-cp310-win32.whl", hash = "sha256:c9c3d058ebabb74db66e431095118094d06abf53284d9c81f27300d0e0d8bc7c"},
    {file = "cffi-1.17.1-cp310-cp310-win_amd64.whl", hash = "sha256:0f048dcf80db46f0098ccac01132761580d28e28bc0f78ae0d58048063317e15"},
    {file = "cffi-1.17.1-cp311-cp311-macosx_10_9_x86_64.whl", hash = "sha256:a45e3c6913c5b87b3ff120dcdc03f6131fa0065027d0ed7ee6190736a74cd401"},
    {file = "cffi-1.17.1-cp311-cp311-macosx_11_0_arm64.whl", hash = "sha256:30c5e0cb5ae493c04c8b42916e52ca38079f1b235c2f8ae5f4527b963c401caf"},
    {file = "cffi-1.17.1-cp311-cp311-manylinux_2_12_i686.manylinux2010_i686.manylinux_2_17_i686.manylinux2014_i686.whl", hash = "sha256:f75c7ab1f9e4aca5414ed4d8e5c0e303a34f4421f8a0d47a4d019ceff0ab6af4"},
    {file = "cffi-1.17.1-cp311-cp311-manylinux_2_17_aarch64.manylinux2014_aarch64.whl", hash = "sha256:a1ed2dd2972641495a3ec98445e09766f077aee98a1c896dcb4ad0d303628e41"},
    {file = "cffi-1.17.1-cp311-cp311-manylinux_2_17_ppc64le.manylinux2014_ppc64le.whl", hash = "sha256:46bf43160c1a35f7ec506d254e5c890f3c03648a4dbac12d624e4490a7046cd1"},
    {file = "cffi-1.17.1-cp311-cp311-manylinux_2_17_s390x.manylinux2014_s390x.whl", hash = "sha256:a24ed04c8ffd54b0729c07cee15a81d964e6fee0e3d4d342a27b020d22959dc6"},
    {file = "cffi-1.17.1-cp311-cp311-manylinux_2_17_x86_64.manylinux2014_x86_64.whl", hash = "sha256:610faea79c43e44c71e1ec53a554553fa22321b65fae24889706c0a84d4ad86d"},
    {file = "cffi-1.17.1-cp311-cp311-musllinux_1_1_aarch64.whl", hash = "sha256:a9b15d491f3ad5d692e11f6b71f7857e7835eb677955c00cc0aefcd0669adaf6"},
    {file = "cffi-1.17.1-cp311-cp311-musllinux_1_1_i686.whl", hash = "sha256:de2ea4b5833625383e464549fec1bc395c1bdeeb5f25c4a3a82b5a8c756ec22f"},
    {file = "cffi-1.17.1-cp311-cp311-musllinux_1_1_x86_64.whl", hash = "sha256:fc48c783f9c87e60831201f2cce7f3b2e4846bf4d8728eabe54d60700b318a0b"},
    {file = "cffi-1.17.1-cp311-cp311-win32.whl", hash = "sha256:85a950a4ac9c359340d5963966e3e0a94a676bd6245a4b55bc43949eee26a655"},
    {file = "cffi-1.17.1-cp311-cp311-win_amd64.whl", hash = "sha256:caaf0640ef5f5517f49bc275eca1406b0ffa6aa184892812030f04c2abf589a0"},
    {file = "cffi-1.17.1-cp312-cp312-macosx_10_9_x86_64.whl", hash = "sha256:805b4371bf7197c329fcb3ead37e710d1bca9da5d583f5073b799d5c5bd1eee4"},
    {file = "cffi-1.17.1-cp312-cp312-macosx_11_0_arm64.whl", hash = "sha256:733e99bc2df47476e3848417c5a4540522f234dfd4ef3ab7fafdf555b082ec0c"},
    {file = "cffi-1.17.1-cp312-cp312-manylinux_2_12_i686.manylinux2010_i686.manylinux_2_17_i686.manylinux2014_i686.whl", hash = "sha256:1257bdabf294dceb59f5e70c64a3e2f462c30c7ad68092d01bbbfb1c16b1ba36"},
    {file = "cffi-1.17.1-cp312-cp312-manylinux_2_17_aarch64.manylinux2014_aarch64.whl", hash = "sha256:da95af8214998d77a98cc14e3a3bd00aa191526343078b530ceb0bd710fb48a5"},
    {file = "cffi-1.17.1-cp312-cp312-manylinux_2_17_ppc64le.manylinux2014_ppc64le.whl", hash = "sha256:d63afe322132c194cf832bfec0dc69a99fb9bb6bbd550f161a49e9e855cc78ff"},
    {file = "cffi-1.17.1-cp312-cp312-manylinux_2_17_s390x.manylinux2014_s390x.whl", hash = "sha256:f79fc4fc25f1c8698ff97788206bb3c2598949bfe0fef03d299eb1b5356ada99"},
    {file = "cffi-1.17.1-cp312-cp312-manylinux_2_17_x86_64.manylinux2014_x86_64.whl", hash = "sha256:b62ce867176a75d03a665bad002af8e6d54644fad99a3c70905c543130e39d93"},
    {file = "cffi-1.17.1-cp312-cp312-musllinux_1_1_aarch64.whl", hash = "sha256:386c8bf53c502fff58903061338ce4f4950cbdcb23e2902d86c0f722b786bbe3"},
    {file = "cffi-1.17.1-cp312-cp312-musllinux_1_1_x86_64.whl", hash = "sha256:4ceb10419a9adf4460ea14cfd6bc43d08701f0835e979bf821052f1805850fe8"},
    {file = "cffi-1.17.1-cp312-cp312-win32.whl", hash = "sha256:a08d7e755f8ed21095a310a693525137cfe756ce62d066e53f502a83dc550f65"},
    {file = "cffi-1.17.1-cp312-cp312-win_amd64.whl", hash = "sha256:51392eae71afec0d0c8fb1a53b204dbb3bcabcb3c9b807eedf3e1e6ccf2de903"},
    {file = "cffi-1.17.1-cp313-cp313-macosx_10_13_x86_64.whl", hash = "sha256:f3a2b4222ce6b60e2e8b337bb9596923045681d71e5a082783484d845390938e"},
    {file = "cffi-1.17.1-cp313-cp313-macosx_11_0_arm64.whl", hash = "sha256:0984a4925a435b1da406122d4d7968dd861c1385afe3b45ba82b750f229811e2"},
    {file = "cffi-1.17.1-cp313-cp313-manylinux_2_12_i686.manylinux2010_i686.manylinux_2_17_i686.manylinux2014_i686.whl", hash = "sha256:d01b12eeeb4427d3110de311e1774046ad344f5b1a7403101878976ecd7a10f3"},
    {file = "cffi-1.17.1-cp313-cp313-manylinux_2_17_aarch64.manylinux2014_aarch64.whl", hash = "sha256:706510fe141c86a69c8ddc029c7910003a17353970cff3b904ff0686a5927683"},
    {file = "cffi-1.17.1-cp313-cp313-manylinux_2_17_ppc64le.manylinux2014_ppc64le.whl", hash = "sha256:de55b766c7aa2e2a3092c51e0483d700341182f08e67c63630d5b6f200bb28e5"},
    {file = "cffi-1.17.1-cp313-cp313-manylinux_2_17_s390x.manylinux2014_s390x.whl", hash = "sha256:c59d6e989d07460165cc5ad3c61f9fd8f1b4796eacbd81cee78957842b834af4"},
    {file = "cffi-1.17.1-cp313-cp313-manylinux_2_17_x86_64.manylinux2014_x86_64.whl", hash = "sha256:dd398dbc6773384a17fe0d3e7eeb8d1a21c2200473ee6806bb5e6a8e62bb73dd"},
    {file = "cffi-1.17.1-cp313-cp313-musllinux_1_1_aarch64.whl", hash = "sha256:3edc8d958eb099c634dace3c7e16560ae474aa3803a5df240542b305d14e14ed"},
    {file = "cffi-1.17.1-cp313-cp313-musllinux_1_1_x86_64.whl", hash = "sha256:72e72408cad3d5419375fc87d289076ee319835bdfa2caad331e377589aebba9"},
    {file = "cffi-1.17.1-cp313-cp313-win32.whl", hash = "sha256:e03eab0a8677fa80d646b5ddece1cbeaf556c313dcfac435ba11f107ba117b5d"},
    {file = "cffi-1.17.1-cp313-cp313-win_amd64.whl", hash = "sha256:f6a16c31041f09ead72d69f583767292f750d24913dadacf5756b966aacb3f1a"},
    {file = "cffi-1.17.1-cp38-cp38-macosx_10_9_x86_64.whl", hash = "sha256:636062ea65bd0195bc012fea9321aca499c0504409f413dc88af450b57ffd03b"},
    {file = "cffi-1.17.1-cp38-cp38-manylinux_2_12_i686.manylinux2010_i686.manylinux_2_17_i686.manylinux2014_i686.whl", hash = "sha256:c7eac2ef9b63c79431bc4b25f1cd649d7f061a28808cbc6c47b534bd789ef964"},
    {file = "cffi-1.17.1-cp38-cp38-manylinux_2_17_aarch64.manylinux2014_aarch64.whl", hash = "sha256:e221cf152cff04059d011ee126477f0d9588303eb57e88923578ace7baad17f9"},
    {file = "cffi-1.17.1-cp38-cp38-manylinux_2_17_ppc64le.manylinux2014_ppc64le.whl", hash = "sha256:31000ec67d4221a71bd3f67df918b1f88f676f1c3b535a7eb473255fdc0b83fc"},
    {file = "cffi-1.17.1-cp38-cp38-manylinux_2_17_s390x.manylinux2014_s390x.whl", hash = "sha256:6f17be4345073b0a7b8ea599688f692ac3ef23ce28e5df79c04de519dbc4912c"},
    {file = "cffi-1.17.1-cp38-cp38-manylinux_2_17_x86_64.manylinux2014_x86_64.whl", hash = "sha256:0e2b1fac190ae3ebfe37b979cc1ce69c81f4e4fe5746bb401dca63a9062cdaf1"},
    {file = "cffi-1.17.1-cp38-cp38-win32.whl", hash = "sha256:7596d6620d3fa590f677e9ee430df2958d2d6d6de2feeae5b20e82c00b76fbf8"},
    {file = "cffi-1.17.1-cp38-cp38-win_amd64.whl", hash = "sha256:78122be759c3f8a014ce010908ae03364d00a1f81ab5c7f4a7a5120607ea56e1"},
    {file = "cffi-1.17.1-cp39-cp39-macosx_10_9_x86_64.whl", hash = "sha256:b2ab587605f4ba0bf81dc0cb08a41bd1c0a5906bd59243d56bad7668a6fc6c16"},
    {file = "cffi-1.17.1-cp39-cp39-macosx_11_0_arm64.whl", hash = "sha256:28b16024becceed8c6dfbc75629e27788d8a3f9030691a1dbf9821a128b22c36"},
    {file = "cffi-1.17.1-cp39-cp39-manylinux_2_12_i686.manylinux2010_i686.manylinux_2_17_i686.manylinux2014_i686.whl", hash = "sha256:1d599671f396c4723d016dbddb72fe8e0397082b0a77a4fab8028923bec050e8"},
    {file = "cffi-1.17.1-cp39-cp39-manylinux_2_17_aarch64.manylinux2014_aarch64.whl", hash = "sha256:ca74b8dbe6e8e8263c0ffd60277de77dcee6c837a3d0881d8c1ead7268c9e576"},
    {file = "cffi-1.17.1-cp39-cp39-manylinux_2_17_ppc64le.manylinux2014_ppc64le.whl", hash = "sha256:f7f5baafcc48261359e14bcd6d9bff6d4b28d9103847c9e136694cb0501aef87"},
    {file = "cffi-1.17.1-cp39-cp39-manylinux_2_17_s390x.manylinux2014_s390x.whl", hash = "sha256:98e3969bcff97cae1b2def8ba499ea3d6f31ddfdb7635374834cf89a1a08ecf0"},
    {file = "cffi-1.17.1-cp39-cp39-manylinux_2_17_x86_64.manylinux2014_x86_64.whl", hash = "sha256:cdf5ce3acdfd1661132f2a9c19cac174758dc2352bfe37d98aa7512c6b7178b3"},
    {file = "cffi-1.17.1-cp39-cp39-musllinux_1_1_aarch64.whl", hash = "sha256:9755e4345d1ec879e3849e62222a18c7174d65a6a92d5b346b1863912168b595"},
    {file = "cffi-1.17.1-cp39-cp39-musllinux_1_1_i686.whl", hash = "sha256:f1e22e8c4419538cb197e4dd60acc919d7696e5ef98ee4da4e01d3f8cfa4cc5a"},
    {file = "cffi-1.17.1-cp39-cp39-musllinux_1_1_x86_64.whl", hash = "sha256:c03e868a0b3bc35839ba98e74211ed2b05d2119be4e8a0f224fba9384f1fe02e"},
    {file = "cffi-1.17.1-cp39-cp39-win32.whl", hash = "sha256:e31ae45bc2e29f6b2abd0de1cc3b9d5205aa847cafaecb8af1476a609a2f6eb7"},
    {file = "cffi-1.17.1-cp39-cp39-win_amd64.whl", hash = "sha256:d016c76bdd850f3c626af19b0542c9677ba156e4ee4fccfdd7848803533ef662"},
    {file = "cffi-1.17.1.tar.gz", hash = "sha256:1c39c6016c32bc48dd54561950ebd6836e1670f2ae46128f67cf49e789c52824"},
]

[package.dependencies]
pycparser = "*"

[[package]]
name = "colorama"
version = "0.4.6"
description = "Cross-platform colored terminal text."
optional = false
python-versions = "!=3.0.*,!=3.1.*,!=3.2.*,!=3.3.*,!=3.4.*,!=3.5.*,!=3.6.*,>=2.7"
groups = ["main", "dev"]
files = [
    {file = "colorama-0.4.6-py2.py3-none-any.whl", hash = "sha256:4f1d9991f5acc0ca119f9d443620b77f9d6b33703e51011c16baf57afb285fc6"},
    {file = "colorama-0.4.6.tar.gz", hash = "sha256:08695f5cb7ed6e0531a20572697297273c47b8cae5a63ffc6d6ed5c201be6e44"},
]
markers = {main = "platform_system == \"Windows\"", dev = "sys_platform == \"win32\""}

[[package]]
name = "comm"
version = "0.2.3"
description = "Jupyter Python Comm implementation, for usage in ipykernel, xeus-python etc."
optional = false
python-versions = ">=3.8"
groups = ["dev"]
files = [
    {file = "comm-0.2.3-py3-none-any.whl", hash = "sha256:c615d91d75f7f04f095b30d1c1711babd43bdc6419c1be9886a85f2f4e489417"},
    {file = "comm-0.2.3.tar.gz", hash = "sha256:2dc8048c10962d55d7ad693be1e7045d891b7ce8d999c97963a5e3e99c055971"},
]

[package.extras]
test = ["pytest"]

[[package]]
name = "contourpy"
version = "1.3.3"
description = "Python library for calculating contours of 2D quadrilateral grids"
optional = false
python-versions = ">=3.11"
groups = ["main"]
files = [
    {file = "contourpy-1.3.3-cp311-cp311-macosx_10_9_x86_64.whl", hash = "sha256:709a48ef9a690e1343202916450bc48b9e51c049b089c7f79a267b46cffcdaa1"},
    {file = "contourpy-1.3.3-cp311-cp311-macosx_11_0_arm64.whl", hash = "sha256:23416f38bfd74d5d28ab8429cc4d63fa67d5068bd711a85edb1c3fb0c3e2f381"},
    {file = "contourpy-1.3.3-cp311-cp311-manylinux_2_26_aarch64.manylinux_2_28_aarch64.whl", hash = "sha256:929ddf8c4c7f348e4c0a5a3a714b5c8542ffaa8c22954862a46ca1813b667ee7"},
    {file = "contourpy-1.3.3-cp311-cp311-manylinux_2_26_ppc64le.manylinux_2_28_ppc64le.whl", hash = "sha256:9e999574eddae35f1312c2b4b717b7885d4edd6cb46700e04f7f02db454e67c1"},
    {file = "contourpy-1.3.3-cp311-cp311-manylinux_2_26_s390x.manylinux_2_28_s390x.whl", hash = "sha256:0bf67e0e3f482cb69779dd3061b534eb35ac9b17f163d851e2a547d56dba0a3a"},
    {file = "contourpy-1.3.3-cp311-cp311-manylinux_2_27_x86_64.manylinux_2_28_x86_64.whl", hash = "sha256:51e79c1f7470158e838808d4a996fa9bac72c498e93d8ebe5119bc1e6becb0db"},
    {file = "contourpy-1.3.3-cp311-cp311-musllinux_1_2_aarch64.whl", hash = "sha256:598c3aaece21c503615fd59c92a3598b428b2f01bfb4b8ca9c4edeecc2438620"},
    {file = "contourpy-1.3.3-cp311-cp311-musllinux_1_2_x86_64.whl", hash = "sha256:322ab1c99b008dad206d406bb61d014cf0174df491ae9d9d0fac6a6fda4f977f"},
    {file = "contourpy-1.3.3-cp311-cp311-win32.whl", hash = "sha256:fd907ae12cd483cd83e414b12941c632a969171bf90fc937d0c9f268a31cafff"},
    {file = "contourpy-1.3.3-cp311-cp311-win_amd64.whl", hash = "sha256:3519428f6be58431c56581f1694ba8e50626f2dd550af225f82fb5f5814d2a42"},
    {file = "contourpy-1.3.3-cp311-cp311-win_arm64.whl", hash = "sha256:15ff10bfada4bf92ec8b31c62bf7c1834c244019b4a33095a68000d7075df470"},
    {file = "contourpy-1.3.3-cp312-cp312-macosx_10_13_x86_64.whl", hash = "sha256:b08a32ea2f8e42cf1d4be3169a98dd4be32bafe4f22b6c4cb4ba810fa9e5d2cb"},
    {file = "contourpy-1.3.3-cp312-cp312-macosx_11_0_arm64.whl", hash = "sha256:556dba8fb6f5d8742f2923fe9457dbdd51e1049c4a43fd3986a0b14a1d815fc6"},
    {file = "contourpy-1.3.3-cp312-cp312-manylinux_2_26_aarch64.manylinux_2_28_aarch64.whl", hash = "sha256:92d9abc807cf7d0e047b95ca5d957cf4792fcd04e920ca70d48add15c1a90ea7"},
    {file = "contourpy-1.3.3-cp312-cp312-manylinux_2_26_ppc64le.manylinux_2_28_ppc64le.whl", hash = "sha256:b2e8faa0ed68cb29af51edd8e24798bb661eac3bd9f65420c1887b6ca89987c8"},
    {file = "contourpy-1.3.3-cp312-cp312-manylinux_2_26_s390x.manylinux_2_28_s390x.whl", hash = "sha256:626d60935cf668e70a5ce6ff184fd713e9683fb458898e4249b63be9e28286ea"},
    {file = "contourpy-1.3.3-cp312-cp312-manylinux_2_27_x86_64.manylinux_2_28_x86_64.whl", hash = "sha256:4d00e655fcef08aba35ec9610536bfe90267d7ab5ba944f7032549c55a146da1"},
    {file = "contourpy-1.3.3-cp312-cp312-musllinux_1_2_aarch64.whl", hash = "sha256:451e71b5a7d597379ef572de31eeb909a87246974d960049a9848c3bc6c41bf7"},
    {file = "contourpy-1.3.3-cp312-cp312-musllinux_1_2_x86_64.whl", hash = "sha256:459c1f020cd59fcfe6650180678a9993932d80d44ccde1fa1868977438f0b411"},
    {file = "contourpy-1.3.3-cp312-cp312-win32.whl", hash = "sha256:023b44101dfe49d7d53932be418477dba359649246075c996866106da069af69"},
    {file = "contourpy-1.3.3-cp312-cp312-win_amd64.whl", hash = "sha256:8153b8bfc11e1e4d75bcb0bff1db232f9e10b274e0929de9d608027e0d34ff8b"},
    {file = "contourpy-1.3.3-cp312-cp312-win_arm64.whl", hash = "sha256:07ce5ed73ecdc4a03ffe3e1b3e3c1166db35ae7584be76f65dbbe28a7791b0cc"},
    {file = "contourpy-1.3.3-cp313-cp313-macosx_10_13_x86_64.whl", hash = "sha256:177fb367556747a686509d6fef71d221a4b198a3905fe824430e5ea0fda54eb5"},
    {file = "contourpy-1.3.3-cp313-cp313-macosx_11_0_arm64.whl", hash = "sha256:d002b6f00d73d69333dac9d0b8d5e84d9724ff9ef044fd63c5986e62b7c9e1b1"},
    {file = "contourpy-1.3.3-cp313-cp313-manylinux_2_26_aarch64.manylinux_2_28_aarch64.whl", hash = "sha256:348ac1f5d4f1d66d3322420f01d42e43122f43616e0f194fc1c9f5d830c5b286"},
    {file = "contourpy-1.3.3-cp313-cp313-manylinux_2_26_ppc64le.manylinux_2_28_ppc64le.whl", hash = "sha256:655456777ff65c2c548b7c454af9c6f33f16c8884f11083244b5819cc214f1b5"},
    {file = "contourpy-1.3.3-cp313-cp313-manylinux_2_26_s390x.manylinux_2_28_s390x.whl", hash = "sha256:644a6853d15b2512d67881586bd03f462c7ab755db95f16f14d7e238f2852c67"},
    {file = "contourpy-1.3.3-cp313-cp313-manylinux_2_27_x86_64.manylinux_2_28_x86_64.whl", hash = "sha256:4debd64f124ca62069f313a9cb86656ff087786016d76927ae2cf37846b006c9"},
    {file = "contourpy-1.3.3-cp313-cp313-musllinux_1_2_aarch64.whl", hash = "sha256:a15459b0f4615b00bbd1e91f1b9e19b7e63aea7483d03d804186f278c0af2659"},
    {file = "contourpy-1.3.3-cp313-cp313-musllinux_1_2_x86_64.whl", hash = "sha256:ca0fdcd73925568ca027e0b17ab07aad764be4706d0a925b89227e447d9737b7"},
    {file = "contourpy-1.3.3-cp313-cp313-win32.whl", hash = "sha256:b20c7c9a3bf701366556e1b1984ed2d0cedf999903c51311417cf5f591d8c78d"},
    {file = "contourpy-1.3.3-cp313-cp313-win_amd64.whl", hash = "sha256:1cadd8b8969f060ba45ed7c1b714fe69185812ab43bd6b86a9123fe8f99c3263"},
    {file = "contourpy-1.3.3-cp313-cp313-win_arm64.whl", hash = "sha256:fd914713266421b7536de2bfa8181aa8c699432b6763a0ea64195ebe28bff6a9"},
    {file = "contourpy-1.3.3-cp313-cp313t-macosx_10_13_x86_64.whl", hash = "sha256:88df9880d507169449d434c293467418b9f6cbe82edd19284aa0409e7fdb933d"},
    {file = "contourpy-1.3.3-cp313-cp313t-macosx_11_0_arm64.whl", hash = "sha256:d06bb1f751ba5d417047db62bca3c8fde202b8c11fb50742ab3ab962c81e8216"},
    {file = "contourpy-1.3.3-cp313-cp313t-manylinux_2_26_aarch64.manylinux_2_28_aarch64.whl", hash = "sha256:e4e6b05a45525357e382909a4c1600444e2a45b4795163d3b22669285591c1ae"},
    {file = "contourpy-1.3.3-cp313-cp313t-manylinux_2_26_ppc64le.manylinux_2_28_ppc64le.whl", hash = "sha256:ab3074b48c4e2cf1a960e6bbeb7f04566bf36b1861d5c9d4d8ac04b82e38ba20"},
    {file = "contourpy-1.3.3-cp313-cp313t-manylinux_2_26_s390x.manylinux_2_28_s390x.whl", hash = "sha256:6c3d53c796f8647d6deb1abe867daeb66dcc8a97e8455efa729516b997b8ed99"},
    {file = "contourpy-1.3.3-cp313-cp313t-manylinux_2_27_x86_64.manylinux_2_28_x86_64.whl", hash = "sha256:50ed930df7289ff2a8d7afeb9603f8289e5704755c7e5c3bbd929c90c817164b"},
    {file = "contourpy-1.3.3-cp313-cp313t-musllinux_1_2_aarch64.whl", hash = "sha256:4feffb6537d64b84877da813a5c30f1422ea5739566abf0bd18065ac040e120a"},
    {file = "contourpy-1.3.3-cp313-cp313t-musllinux_1_2_x86_64.whl", hash = "sha256:2b7e9480ffe2b0cd2e787e4df64270e3a0440d9db8dc823312e2c940c167df7e"},
    {file = "contourpy-1.3.3-cp313-cp313t-win32.whl", hash = "sha256:283edd842a01e3dcd435b1c5116798d661378d83d36d337b8dde1d16a5fc9ba3"},
    {file = "contourpy-1.3.3-cp313-cp313t-win_amd64.whl", hash = "sha256:87acf5963fc2b34825e5b6b048f40e3635dd547f590b04d2ab317c2619ef7ae8"},
    {file = "contourpy-1.3.3-cp313-cp313t-win_arm64.whl", hash = "sha256:3c30273eb2a55024ff31ba7d052dde990d7d8e5450f4bbb6e913558b3d6c2301"},
    {file = "contourpy-1.3.3-cp314-cp314-macosx_10_13_x86_64.whl", hash = "sha256:fde6c716d51c04b1c25d0b90364d0be954624a0ee9d60e23e850e8d48353d07a"},
    {file = "contourpy-1.3.3-cp314-cp314-macosx_11_0_arm64.whl", hash = "sha256:cbedb772ed74ff5be440fa8eee9bd49f64f6e3fc09436d9c7d8f1c287b121d77"},
    {file = "contourpy-1.3.3-cp314-cp314-manylinux_2_26_aarch64.manylinux_2_28_aarch64.whl", hash = "sha256:22e9b1bd7a9b1d652cd77388465dc358dafcd2e217d35552424aa4f996f524f5"},
    {file = "contourpy-1.3.3-cp314-cp314-manylinux_2_26_ppc64le.manylinux_2_28_ppc64le.whl", hash = "sha256:a22738912262aa3e254e4f3cb079a95a67132fc5a063890e224393596902f5a4"},
    {file = "contourpy-1.3.3-cp314-cp314-manylinux_2_26_s390x.manylinux_2_28_s390x.whl", hash = "sha256:afe5a512f31ee6bd7d0dda52ec9864c984ca3d66664444f2d72e0dc4eb832e36"},
    {file = "contourpy-1.3.3-cp314-cp314-manylinux_2_27_x86_64.manylinux_2_28_x86_64.whl", hash = "sha256:f64836de09927cba6f79dcd00fdd7d5329f3fccc633468507079c829ca4db4e3"},
    {file = "contourpy-1.3.3-cp314-cp314-musllinux_1_2_aarch64.whl", hash = "sha256:1fd43c3be4c8e5fd6e4f2baeae35ae18176cf2e5cced681cca908addf1cdd53b"},
    {file = "contourpy-1.3.3-cp314-cp314-musllinux_1_2_x86_64.whl", hash = "sha256:6afc576f7b33cf00996e5c1102dc2a8f7cc89e39c0b55df93a0b78c1bd992b36"},
    {file = "contourpy-1.3.3-cp314-cp314-win32.whl", hash = "sha256:66c8a43a4f7b8df8b71ee1840e4211a3c8d93b214b213f590e18a1beca458f7d"},
    {file = "contourpy-1.3.3-cp314-cp314-win_amd64.whl", hash = "sha256:cf9022ef053f2694e31d630feaacb21ea24224be1c3ad0520b13d844274614fd"},
    {file = "contourpy-1.3.3-cp314-cp314-win_arm64.whl", hash = "sha256:95b181891b4c71de4bb404c6621e7e2390745f887f2a026b2d99e92c17892339"},
    {file = "contourpy-1.3.3-cp314-cp314t-macosx_10_13_x86_64.whl", hash = "sha256:33c82d0138c0a062380332c861387650c82e4cf1747aaa6938b9b6516762e772"},
    {file = "contourpy-1.3.3-cp314-cp314t-macosx_11_0_arm64.whl", hash = "sha256:ea37e7b45949df430fe649e5de8351c423430046a2af20b1c1961cae3afcda77"},
    {file = "contourpy-1.3.3-cp314-cp314t-manylinux_2_26_aarch64.manylinux_2_28_aarch64.whl", hash = "sha256:d304906ecc71672e9c89e87c4675dc5c2645e1f4269a5063b99b0bb29f232d13"},
    {file = "contourpy-1.3.3-cp314-cp314t-manylinux_2_26_ppc64le.manylinux_2_28_ppc64le.whl", hash = "sha256:ca658cd1a680a5c9ea96dc61cdbae1e85c8f25849843aa799dfd3cb370ad4fbe"},
    {file = "contourpy-1.3.3-cp314-cp314t-manylinux_2_26_s390x.manylinux_2_28_s390x.whl", hash = "sha256:ab2fd90904c503739a75b7c8c5c01160130ba67944a7b77bbf36ef8054576e7f"},
    {file = "contourpy-1.3.3-cp314-cp314t-manylinux_2_27_x86_64.manylinux_2_28_x86_64.whl", hash = "sha256:b7301b89040075c30e5768810bc96a8e8d78085b47d8be6e4c3f5a0b4ed478a0"},
    {file = "contourpy-1.3.3-cp314-cp314t-musllinux_1_2_aarch64.whl", hash = "sha256:2a2a8b627d5cc6b7c41a4beff6c5ad5eb848c88255fda4a8745f7e901b32d8e4"},
    {file = "contourpy-1.3.3-cp314-cp314t-musllinux_1_2_x86_64.whl", hash = "sha256:fd6ec6be509c787f1caf6b247f0b1ca598bef13f4ddeaa126b7658215529ba0f"},
    {file = "contourpy-1.3.3-cp314-cp314t-win32.whl", hash = "sha256:e74a9a0f5e3fff48fb5a7f2fd2b9b70a3fe014a67522f79b7cca4c0c7e43c9ae"},
    {file = "contourpy-1.3.3-cp314-cp314t-win_amd64.whl", hash = "sha256:13b68d6a62db8eafaebb8039218921399baf6e47bf85006fd8529f2a08ef33fc"},
    {file = "contourpy-1.3.3-cp314-cp314t-win_arm64.whl", hash = "sha256:b7448cb5a725bb1e35ce88771b86fba35ef418952474492cf7c764059933ff8b"},
    {file = "contourpy-1.3.3-pp311-pypy311_pp73-macosx_10_15_x86_64.whl", hash = "sha256:cd5dfcaeb10f7b7f9dc8941717c6c2ade08f587be2226222c12b25f0483ed497"},
    {file = "contourpy-1.3.3-pp311-pypy311_pp73-macosx_11_0_arm64.whl", hash = "sha256:0c1fc238306b35f246d61a1d416a627348b5cf0648648a031e14bb8705fcdfe8"},
    {file = "contourpy-1.3.3-pp311-pypy311_pp73-manylinux_2_26_aarch64.manylinux_2_28_aarch64.whl", hash = "sha256:70f9aad7de812d6541d29d2bbf8feb22ff7e1c299523db288004e3157ff4674e"},
    {file = "contourpy-1.3.3-pp311-pypy311_pp73-manylinux_2_27_x86_64.manylinux_2_28_x86_64.whl", hash = "sha256:5ed3657edf08512fc3fe81b510e35c2012fbd3081d2e26160f27ca28affec989"},
    {file = "contourpy-1.3.3-pp311-pypy311_pp73-win_amd64.whl", hash = "sha256:3d1a3799d62d45c18bafd41c5fa05120b96a28079f2393af559b843d1a966a77"},
    {file = "contourpy-1.3.3.tar.gz", hash = "sha256:083e12155b210502d0bca491432bb04d56dc3432f95a979b429f2848c3dbe880"},
]

[package.dependencies]
numpy = ">=1.25"

[package.extras]
bokeh = ["bokeh", "selenium"]
docs = ["furo", "sphinx (>=7.2)", "sphinx-copybutton"]
mypy = ["bokeh", "contourpy[bokeh,docs]", "docutils-stubs", "mypy (==1.17.0)", "types-Pillow"]
test = ["Pillow", "contourpy[test-no-images]", "matplotlib"]
test-no-images = ["pytest", "pytest-cov", "pytest-rerunfailures", "pytest-xdist", "wurlitzer"]

[[package]]
name = "coverage"
version = "7.10.6"
description = "Code coverage measurement for Python"
optional = false
python-versions = ">=3.9"
groups = ["dev"]
files = [
    {file = "coverage-7.10.6-cp310-cp310-macosx_10_9_x86_64.whl", hash = "sha256:70e7bfbd57126b5554aa482691145f798d7df77489a177a6bef80de78860a356"},
    {file = "coverage-7.10.6-cp310-cp310-macosx_11_0_arm64.whl", hash = "sha256:e41be6f0f19da64af13403e52f2dec38bbc2937af54df8ecef10850ff8d35301"},
    {file = "coverage-7.10.6-cp310-cp310-manylinux1_i686.manylinux_2_28_i686.manylinux_2_5_i686.whl", hash = "sha256:c61fc91ab80b23f5fddbee342d19662f3d3328173229caded831aa0bd7595460"},
    {file = "coverage-7.10.6-cp310-cp310-manylinux1_x86_64.manylinux_2_28_x86_64.manylinux_2_5_x86_64.whl", hash = "sha256:10356fdd33a7cc06e8051413140bbdc6f972137508a3572e3f59f805cd2832fd"},
    {file = "coverage-7.10.6-cp310-cp310-manylinux2014_aarch64.manylinux_2_17_aarch64.manylinux_2_28_aarch64.whl", hash = "sha256:80b1695cf7c5ebe7b44bf2521221b9bb8cdf69b1f24231149a7e3eb1ae5fa2fb"},
    {file = "coverage-7.10.6-cp310-cp310-musllinux_1_2_aarch64.whl", hash = "sha256:2e4c33e6378b9d52d3454bd08847a8651f4ed23ddbb4a0520227bd346382bbc6"},
    {file = "coverage-7.10.6-cp310-cp310-musllinux_1_2_i686.whl", hash = "sha256:c8a3ec16e34ef980a46f60dc6ad86ec60f763c3f2fa0db6d261e6e754f72e945"},
    {file = "coverage-7.10.6-cp310-cp310-musllinux_1_2_x86_64.whl", hash = "sha256:7d79dabc0a56f5af990cc6da9ad1e40766e82773c075f09cc571e2076fef882e"},
    {file = "coverage-7.10.6-cp310-cp310-win32.whl", hash = "sha256:86b9b59f2b16e981906e9d6383eb6446d5b46c278460ae2c36487667717eccf1"},
    {file = "coverage-7.10.6-cp310-cp310-win_amd64.whl", hash = "sha256:e132b9152749bd33534e5bd8565c7576f135f157b4029b975e15ee184325f528"},
    {file = "coverage-7.10.6-cp311-cp311-macosx_10_9_x86_64.whl", hash = "sha256:c706db3cabb7ceef779de68270150665e710b46d56372455cd741184f3868d8f"},
    {file = "coverage-7.10.6-cp311-cp311-macosx_11_0_arm64.whl", hash = "sha256:8e0c38dc289e0508ef68ec95834cb5d2e96fdbe792eaccaa1bccac3966bbadcc"},
    {file = "coverage-7.10.6-cp311-cp311-manylinux1_i686.manylinux_2_28_i686.manylinux_2_5_i686.whl", hash = "sha256:752a3005a1ded28f2f3a6e8787e24f28d6abe176ca64677bcd8d53d6fe2ec08a"},
    {file = "coverage-7.10.6-cp311-cp311-manylinux1_x86_64.manylinux_2_28_x86_64.manylinux_2_5_x86_64.whl", hash = "sha256:689920ecfd60f992cafca4f5477d55720466ad2c7fa29bb56ac8d44a1ac2b47a"},
    {file = "coverage-7.10.6-cp311-cp311-manylinux2014_aarch64.manylinux_2_17_aarch64.manylinux_2_28_aarch64.whl", hash = "sha256:ec98435796d2624d6905820a42f82149ee9fc4f2d45c2c5bc5a44481cc50db62"},
    {file = "coverage-7.10.6-cp311-cp311-musllinux_1_2_aarch64.whl", hash = "sha256:b37201ce4a458c7a758ecc4efa92fa8ed783c66e0fa3c42ae19fc454a0792153"},
    {file = "coverage-7.10.6-cp311-cp311-musllinux_1_2_i686.whl", hash = "sha256:2904271c80898663c810a6b067920a61dd8d38341244a3605bd31ab55250dad5"},
    {file = "coverage-7.10.6-cp311-cp311-musllinux_1_2_x86_64.whl", hash = "sha256:5aea98383463d6e1fa4e95416d8de66f2d0cb588774ee20ae1b28df826bcb619"},
    {file = "coverage-7.10.6-cp311-cp311-win32.whl", hash = "sha256:e3fb1fa01d3598002777dd259c0c2e6d9d5e10e7222976fc8e03992f972a2cba"},
    {file = "coverage-7.10.6-cp311-cp311-win_amd64.whl", hash = "sha256:f35ed9d945bece26553d5b4c8630453169672bea0050a564456eb88bdffd927e"},
    {file = "coverage-7.10.6-cp311-cp311-win_arm64.whl", hash = "sha256:99e1a305c7765631d74b98bf7dbf54eeea931f975e80f115437d23848ee8c27c"},
    {file = "coverage-7.10.6-cp312-cp312-macosx_10_13_x86_64.whl", hash = "sha256:5b2dd6059938063a2c9fee1af729d4f2af28fd1a545e9b7652861f0d752ebcea"},
    {file = "coverage-7.10.6-cp312-cp312-macosx_11_0_arm64.whl", hash = "sha256:388d80e56191bf846c485c14ae2bc8898aa3124d9d35903fef7d907780477634"},
    {file = "coverage-7.10.6-cp312-cp312-manylinux1_i686.manylinux_2_28_i686.manylinux_2_5_i686.whl", hash = "sha256:90cb5b1a4670662719591aa92d0095bb41714970c0b065b02a2610172dbf0af6"},
    {file = "coverage-7.10.6-cp312-cp312-manylinux1_x86_64.manylinux_2_28_x86_64.manylinux_2_5_x86_64.whl", hash = "sha256:961834e2f2b863a0e14260a9a273aff07ff7818ab6e66d2addf5628590c628f9"},
    {file = "coverage-7.10.6-cp312-cp312-manylinux2014_aarch64.manylinux_2_17_aarch64.manylinux_2_28_aarch64.whl", hash = "sha256:bf9a19f5012dab774628491659646335b1928cfc931bf8d97b0d5918dd58033c"},
    {file = "coverage-7.10.6-cp312-cp312-musllinux_1_2_aarch64.whl", hash = "sha256:99c4283e2a0e147b9c9cc6bc9c96124de9419d6044837e9799763a0e29a7321a"},
    {file = "coverage-7.10.6-cp312-cp312-musllinux_1_2_i686.whl", hash = "sha256:282b1b20f45df57cc508c1e033403f02283adfb67d4c9c35a90281d81e5c52c5"},
    {file = "coverage-7.10.6-cp312-cp312-musllinux_1_2_x86_64.whl", hash = "sha256:8cdbe264f11afd69841bd8c0d83ca10b5b32853263ee62e6ac6a0ab63895f972"},
    {file = "coverage-7.10.6-cp312-cp312-win32.whl", hash = "sha256:a517feaf3a0a3eca1ee985d8373135cfdedfbba3882a5eab4362bda7c7cf518d"},
    {file = "coverage-7.10.6-cp312-cp312-win_amd64.whl", hash = "sha256:856986eadf41f52b214176d894a7de05331117f6035a28ac0016c0f63d887629"},
    {file = "coverage-7.10.6-cp312-cp312-win_arm64.whl", hash = "sha256:acf36b8268785aad739443fa2780c16260ee3fa09d12b3a70f772ef100939d80"},
    {file = "coverage-7.10.6-cp313-cp313-macosx_10_13_x86_64.whl", hash = "sha256:ffea0575345e9ee0144dfe5701aa17f3ba546f8c3bb48db62ae101afb740e7d6"},
    {file = "coverage-7.10.6-cp313-cp313-macosx_11_0_arm64.whl", hash = "sha256:95d91d7317cde40a1c249d6b7382750b7e6d86fad9d8eaf4fa3f8f44cf171e80"},
    {file = "coverage-7.10.6-cp313-cp313-manylinux1_i686.manylinux_2_28_i686.manylinux_2_5_i686.whl", hash = "sha256:3e23dd5408fe71a356b41baa82892772a4cefcf758f2ca3383d2aa39e1b7a003"},
    {file = "coverage-7.10.6-cp313-cp313-manylinux1_x86_64.manylinux_2_28_x86_64.manylinux_2_5_x86_64.whl", hash = "sha256:0f3f56e4cb573755e96a16501a98bf211f100463d70275759e73f3cbc00d4f27"},
    {file = "coverage-7.10.6-cp313-cp313-manylinux2014_aarch64.manylinux_2_17_aarch64.manylinux_2_28_aarch64.whl", hash = "sha256:db4a1d897bbbe7339946ffa2fe60c10cc81c43fab8b062d3fcb84188688174a4"},
    {file = "coverage-7.10.6-cp313-cp313-musllinux_1_2_aarch64.whl", hash = "sha256:d8fd7879082953c156d5b13c74aa6cca37f6a6f4747b39538504c3f9c63d043d"},
    {file = "coverage-7.10.6-cp313-cp313-musllinux_1_2_i686.whl", hash = "sha256:28395ca3f71cd103b8c116333fa9db867f3a3e1ad6a084aa3725ae002b6583bc"},
    {file = "coverage-7.10.6-cp313-cp313-musllinux_1_2_x86_64.whl", hash = "sha256:61c950fc33d29c91b9e18540e1aed7d9f6787cc870a3e4032493bbbe641d12fc"},
    {file = "coverage-7.10.6-cp313-cp313-win32.whl", hash = "sha256:160c00a5e6b6bdf4e5984b0ef21fc860bc94416c41b7df4d63f536d17c38902e"},
    {file = "coverage-7.10.6-cp313-cp313-win_amd64.whl", hash = "sha256:628055297f3e2aa181464c3808402887643405573eb3d9de060d81531fa79d32"},
    {file = "coverage-7.10.6-cp313-cp313-win_arm64.whl", hash = "sha256:df4ec1f8540b0bcbe26ca7dd0f541847cc8a108b35596f9f91f59f0c060bfdd2"},
    {file = "coverage-7.10.6-cp313-cp313t-macosx_10_13_x86_64.whl", hash = "sha256:c9a8b7a34a4de3ed987f636f71881cd3b8339f61118b1aa311fbda12741bff0b"},
    {file = "coverage-7.10.6-cp313-cp313t-macosx_11_0_arm64.whl", hash = "sha256:8dd5af36092430c2b075cee966719898f2ae87b636cefb85a653f1d0ba5d5393"},
    {file = "coverage-7.10.6-cp313-cp313t-manylinux1_i686.manylinux_2_28_i686.manylinux_2_5_i686.whl", hash = "sha256:b0353b0f0850d49ada66fdd7d0c7cdb0f86b900bb9e367024fd14a60cecc1e27"},
    {file = "coverage-7.10.6-cp313-cp313t-manylinux1_x86_64.manylinux_2_28_x86_64.manylinux_2_5_x86_64.whl", hash = "sha256:d6b9ae13d5d3e8aeca9ca94198aa7b3ebbc5acfada557d724f2a1f03d2c0b0df"},
    {file = "coverage-7.10.6-cp313-cp313t-manylinux2014_aarch64.manylinux_2_17_aarch64.manylinux_2_28_aarch64.whl", hash = "sha256:675824a363cc05781b1527b39dc2587b8984965834a748177ee3c37b64ffeafb"},
    {file = "coverage-7.10.6-cp313-cp313t-musllinux_1_2_aarch64.whl", hash = "sha256:692d70ea725f471a547c305f0d0fc6a73480c62fb0da726370c088ab21aed282"},
    {file = "coverage-7.10.6-cp313-cp313t-musllinux_1_2_i686.whl", hash = "sha256:851430a9a361c7a8484a36126d1d0ff8d529d97385eacc8dfdc9bfc8c2d2cbe4"},
    {file = "coverage-7.10.6-cp313-cp313t-musllinux_1_2_x86_64.whl", hash = "sha256:d9369a23186d189b2fc95cc08b8160ba242057e887d766864f7adf3c46b2df21"},
    {file = "coverage-7.10.6-cp313-cp313t-win32.whl", hash = "sha256:92be86fcb125e9bda0da7806afd29a3fd33fdf58fba5d60318399adf40bf37d0"},
    {file = "coverage-7.10.6-cp313-cp313t-win_amd64.whl", hash = "sha256:6b3039e2ca459a70c79523d39347d83b73f2f06af5624905eba7ec34d64d80b5"},
    {file = "coverage-7.10.6-cp313-cp313t-win_arm64.whl", hash = "sha256:3fb99d0786fe17b228eab663d16bee2288e8724d26a199c29325aac4b0319b9b"},
    {file = "coverage-7.10.6-cp314-cp314-macosx_10_13_x86_64.whl", hash = "sha256:6008a021907be8c4c02f37cdc3ffb258493bdebfeaf9a839f9e71dfdc47b018e"},
    {file = "coverage-7.10.6-cp314-cp314-macosx_11_0_arm64.whl", hash = "sha256:5e75e37f23eb144e78940b40395b42f2321951206a4f50e23cfd6e8a198d3ceb"},
    {file = "coverage-7.10.6-cp314-cp314-manylinux1_i686.manylinux_2_28_i686.manylinux_2_5_i686.whl", hash = "sha256:0f7cb359a448e043c576f0da00aa8bfd796a01b06aa610ca453d4dde09cc1034"},
    {file = "coverage-7.10.6-cp314-cp314-manylinux1_x86_64.manylinux_2_28_x86_64.manylinux_2_5_x86_64.whl", hash = "sha256:c68018e4fc4e14b5668f1353b41ccf4bc83ba355f0e1b3836861c6f042d89ac1"},
    {file = "coverage-7.10.6-cp314-cp314-manylinux2014_aarch64.manylinux_2_17_aarch64.manylinux_2_28_aarch64.whl", hash = "sha256:cd4b2b0707fc55afa160cd5fc33b27ccbf75ca11d81f4ec9863d5793fc6df56a"},
    {file = "coverage-7.10.6-cp314-cp314-musllinux_1_2_aarch64.whl", hash = "sha256:4cec13817a651f8804a86e4f79d815b3b28472c910e099e4d5a0e8a3b6a1d4cb"},
    {file = "coverage-7.10.6-cp314-cp314-musllinux_1_2_i686.whl", hash = "sha256:f2a6a8e06bbda06f78739f40bfb56c45d14eb8249d0f0ea6d4b3d48e1f7c695d"},
    {file = "coverage-7.10.6-cp314-cp314-musllinux_1_2_x86_64.whl", hash = "sha256:081b98395ced0d9bcf60ada7661a0b75f36b78b9d7e39ea0790bb4ed8da14747"},
    {file = "coverage-7.10.6-cp314-cp314-win32.whl", hash = "sha256:6937347c5d7d069ee776b2bf4e1212f912a9f1f141a429c475e6089462fcecc5"},
    {file = "coverage-7.10.6-cp314-cp314-win_amd64.whl", hash = "sha256:adec1d980fa07e60b6ef865f9e5410ba760e4e1d26f60f7e5772c73b9a5b0713"},
    {file = "coverage-7.10.6-cp314-cp314-win_arm64.whl", hash = "sha256:a80f7aef9535442bdcf562e5a0d5a5538ce8abe6bb209cfbf170c462ac2c2a32"},
    {file = "coverage-7.10.6-cp314-cp314t-macosx_10_13_x86_64.whl", hash = "sha256:0de434f4fbbe5af4fa7989521c655c8c779afb61c53ab561b64dcee6149e4c65"},
    {file = "coverage-7.10.6-cp314-cp314t-macosx_11_0_arm64.whl", hash = "sha256:6e31b8155150c57e5ac43ccd289d079eb3f825187d7c66e755a055d2c85794c6"},
    {file = "coverage-7.10.6-cp314-cp314t-manylinux1_i686.manylinux_2_28_i686.manylinux_2_5_i686.whl", hash = "sha256:98cede73eb83c31e2118ae8d379c12e3e42736903a8afcca92a7218e1f2903b0"},
    {file = "coverage-7.10.6-cp314-cp314t-manylinux1_x86_64.manylinux_2_28_x86_64.manylinux_2_5_x86_64.whl", hash = "sha256:f863c08f4ff6b64fa8045b1e3da480f5374779ef187f07b82e0538c68cb4ff8e"},
    {file = "coverage-7.10.6-cp314-cp314t-manylinux2014_aarch64.manylinux_2_17_aarch64.manylinux_2_28_aarch64.whl", hash = "sha256:2b38261034fda87be356f2c3f42221fdb4171c3ce7658066ae449241485390d5"},
    {file = "coverage-7.10.6-cp314-cp314t-musllinux_1_2_aarch64.whl", hash = "sha256:0e93b1476b79eae849dc3872faeb0bf7948fd9ea34869590bc16a2a00b9c82a7"},
    {file = "coverage-7.10.6-cp314-cp314t-musllinux_1_2_i686.whl", hash = "sha256:ff8a991f70f4c0cf53088abf1e3886edcc87d53004c7bb94e78650b4d3dac3b5"},
    {file = "coverage-7.10.6-cp314-cp314t-musllinux_1_2_x86_64.whl", hash = "sha256:ac765b026c9f33044419cbba1da913cfb82cca1b60598ac1c7a5ed6aac4621a0"},
    {file = "coverage-7.10.6-cp314-cp314t-win32.whl", hash = "sha256:441c357d55f4936875636ef2cfb3bee36e466dcf50df9afbd398ce79dba1ebb7"},
    {file = "coverage-7.10.6-cp314-cp314t-win_amd64.whl", hash = "sha256:073711de3181b2e204e4870ac83a7c4853115b42e9cd4d145f2231e12d670930"},
    {file = "coverage-7.10.6-cp314-cp314t-win_arm64.whl", hash = "sha256:137921f2bac5559334ba66122b753db6dc5d1cf01eb7b64eb412bb0d064ef35b"},
    {file = "coverage-7.10.6-cp39-cp39-macosx_10_9_x86_64.whl", hash = "sha256:90558c35af64971d65fbd935c32010f9a2f52776103a259f1dee865fe8259352"},
    {file = "coverage-7.10.6-cp39-cp39-macosx_11_0_arm64.whl", hash = "sha256:8953746d371e5695405806c46d705a3cd170b9cc2b9f93953ad838f6c1e58612"},
    {file = "coverage-7.10.6-cp39-cp39-manylinux1_i686.manylinux_2_28_i686.manylinux_2_5_i686.whl", hash = "sha256:c83f6afb480eae0313114297d29d7c295670a41c11b274e6bca0c64540c1ce7b"},
    {file = "coverage-7.10.6-cp39-cp39-manylinux1_x86_64.manylinux_2_28_x86_64.manylinux_2_5_x86_64.whl", hash = "sha256:7eb68d356ba0cc158ca535ce1381dbf2037fa8cb5b1ae5ddfc302e7317d04144"},
    {file = "coverage-7.10.6-cp39-cp39-manylinux2014_aarch64.manylinux_2_17_aarch64.manylinux_2_28_aarch64.whl", hash = "sha256:5b15a87265e96307482746d86995f4bff282f14b027db75469c446da6127433b"},
    {file = "coverage-7.10.6-cp39-cp39-musllinux_1_2_aarch64.whl", hash = "sha256:fc53ba868875bfbb66ee447d64d6413c2db91fddcfca57025a0e7ab5b07d5862"},
    {file = "coverage-7.10.6-cp39-cp39-musllinux_1_2_i686.whl", hash = "sha256:efeda443000aa23f276f4df973cb82beca682fd800bb119d19e80504ffe53ec2"},
    {file = "coverage-7.10.6-cp39-cp39-musllinux_1_2_x86_64.whl", hash = "sha256:9702b59d582ff1e184945d8b501ffdd08d2cee38d93a2206aa5f1365ce0b8d78"},
    {file = "coverage-7.10.6-cp39-cp39-win32.whl", hash = "sha256:2195f8e16ba1a44651ca684db2ea2b2d4b5345da12f07d9c22a395202a05b23c"},
    {file = "coverage-7.10.6-cp39-cp39-win_amd64.whl", hash = "sha256:f32ff80e7ef6a5b5b606ea69a36e97b219cd9dc799bcf2963018a4d8f788cfbf"},
    {file = "coverage-7.10.6-py3-none-any.whl", hash = "sha256:92c4ecf6bf11b2e85fd4d8204814dc26e6a19f0c9d938c207c5cb0eadfcabbe3"},
    {file = "coverage-7.10.6.tar.gz", hash = "sha256:f644a3ae5933a552a29dbb9aa2f90c677a875f80ebea028e5a52a4f429044b90"},
]

[package.extras]
toml = ["tomli ; python_full_version <= \"3.11.0a6\""]

[[package]]
name = "cycler"
version = "0.12.1"
description = "Composable style cycles"
optional = false
python-versions = ">=3.8"
groups = ["main"]
files = [
    {file = "cycler-0.12.1-py3-none-any.whl", hash = "sha256:85cef7cff222d8644161529808465972e51340599459b8ac3ccbac5a854e0d30"},
    {file = "cycler-0.12.1.tar.gz", hash = "sha256:88bb128f02ba341da8ef447245a9e138fae777f6a23943da4540077d3601eb1c"},
]

[package.extras]
docs = ["ipython", "matplotlib", "numpydoc", "sphinx"]
tests = ["pytest", "pytest-cov", "pytest-xdist"]

[[package]]
name = "debugpy"
version = "1.8.16"
description = "An implementation of the Debug Adapter Protocol for Python"
optional = false
python-versions = ">=3.8"
groups = ["dev"]
files = [
    {file = "debugpy-1.8.16-cp310-cp310-macosx_14_0_x86_64.whl", hash = "sha256:2a3958fb9c2f40ed8ea48a0d34895b461de57a1f9862e7478716c35d76f56c65"},
    {file = "debugpy-1.8.16-cp310-cp310-manylinux_2_5_x86_64.manylinux1_x86_64.manylinux_2_17_x86_64.manylinux2014_x86_64.whl", hash = "sha256:e5ca7314042e8a614cc2574cd71f6ccd7e13a9708ce3c6d8436959eae56f2378"},
    {file = "debugpy-1.8.16-cp310-cp310-win32.whl", hash = "sha256:8624a6111dc312ed8c363347a0b59c5acc6210d897e41a7c069de3c53235c9a6"},
    {file = "debugpy-1.8.16-cp310-cp310-win_amd64.whl", hash = "sha256:fee6db83ea5c978baf042440cfe29695e1a5d48a30147abf4c3be87513609817"},
    {file = "debugpy-1.8.16-cp311-cp311-macosx_14_0_universal2.whl", hash = "sha256:67371b28b79a6a12bcc027d94a06158f2fde223e35b5c4e0783b6f9d3b39274a"},
    {file = "debugpy-1.8.16-cp311-cp311-manylinux_2_5_x86_64.manylinux1_x86_64.manylinux_2_17_x86_64.manylinux2014_x86_64.whl", hash = "sha256:b2abae6dd02523bec2dee16bd6b0781cccb53fd4995e5c71cc659b5f45581898"},
    {file = "debugpy-1.8.16-cp311-cp311-win32.whl", hash = "sha256:f8340a3ac2ed4f5da59e064aa92e39edd52729a88fbde7bbaa54e08249a04493"},
    {file = "debugpy-1.8.16-cp311-cp311-win_amd64.whl", hash = "sha256:70f5fcd6d4d0c150a878d2aa37391c52de788c3dc680b97bdb5e529cb80df87a"},
    {file = "debugpy-1.8.16-cp312-cp312-macosx_14_0_universal2.whl", hash = "sha256:b202e2843e32e80b3b584bcebfe0e65e0392920dc70df11b2bfe1afcb7a085e4"},
    {file = "debugpy-1.8.16-cp312-cp312-manylinux_2_5_x86_64.manylinux1_x86_64.manylinux_2_17_x86_64.manylinux2014_x86_64.whl", hash = "sha256:64473c4a306ba11a99fe0bb14622ba4fbd943eb004847d9b69b107bde45aa9ea"},
    {file = "debugpy-1.8.16-cp312-cp312-win32.whl", hash = "sha256:833a61ed446426e38b0dd8be3e9d45ae285d424f5bf6cd5b2b559c8f12305508"},
    {file = "debugpy-1.8.16-cp312-cp312-win_amd64.whl", hash = "sha256:75f204684581e9ef3dc2f67687c3c8c183fde2d6675ab131d94084baf8084121"},
    {file = "debugpy-1.8.16-cp313-cp313-macosx_14_0_universal2.whl", hash = "sha256:85df3adb1de5258dca910ae0bb185e48c98801ec15018a263a92bb06be1c8787"},
    {file = "debugpy-1.8.16-cp313-cp313-manylinux_2_5_x86_64.manylinux1_x86_64.manylinux_2_17_x86_64.manylinux2014_x86_64.whl", hash = "sha256:bee89e948bc236a5c43c4214ac62d28b29388453f5fd328d739035e205365f0b"},
    {file = "debugpy-1.8.16-cp313-cp313-win32.whl", hash = "sha256:cf358066650439847ec5ff3dae1da98b5461ea5da0173d93d5e10f477c94609a"},
    {file = "debugpy-1.8.16-cp313-cp313-win_amd64.whl", hash = "sha256:b5aea1083f6f50023e8509399d7dc6535a351cc9f2e8827d1e093175e4d9fa4c"},
    {file = "debugpy-1.8.16-cp38-cp38-macosx_14_0_x86_64.whl", hash = "sha256:2801329c38f77c47976d341d18040a9ac09d0c71bf2c8b484ad27c74f83dc36f"},
    {file = "debugpy-1.8.16-cp38-cp38-manylinux_2_5_x86_64.manylinux1_x86_64.manylinux_2_17_x86_64.manylinux2014_x86_64.whl", hash = "sha256:687c7ab47948697c03b8f81424aa6dc3f923e6ebab1294732df1ca9773cc67bc"},
    {file = "debugpy-1.8.16-cp38-cp38-win32.whl", hash = "sha256:a2ba6fc5d7c4bc84bcae6c5f8edf5988146e55ae654b1bb36fecee9e5e77e9e2"},
    {file = "debugpy-1.8.16-cp38-cp38-win_amd64.whl", hash = "sha256:d58c48d8dbbbf48a3a3a638714a2d16de537b0dace1e3432b8e92c57d43707f8"},
    {file = "debugpy-1.8.16-cp39-cp39-macosx_14_0_x86_64.whl", hash = "sha256:135ccd2b1161bade72a7a099c9208811c137a150839e970aeaf121c2467debe8"},
    {file = "debugpy-1.8.16-cp39-cp39-manylinux_2_5_x86_64.manylinux1_x86_64.manylinux_2_17_x86_64.manylinux2014_x86_64.whl", hash = "sha256:211238306331a9089e253fd997213bc4a4c65f949271057d6695953254095376"},
    {file = "debugpy-1.8.16-cp39-cp39-win32.whl", hash = "sha256:88eb9ffdfb59bf63835d146c183d6dba1f722b3ae2a5f4b9fc03e925b3358922"},
    {file = "debugpy-1.8.16-cp39-cp39-win_amd64.whl", hash = "sha256:c2c47c2e52b40449552843b913786499efcc3dbc21d6c49287d939cd0dbc49fd"},
    {file = "debugpy-1.8.16-py2.py3-none-any.whl", hash = "sha256:19c9521962475b87da6f673514f7fd610328757ec993bf7ec0d8c96f9a325f9e"},
    {file = "debugpy-1.8.16.tar.gz", hash = "sha256:31e69a1feb1cf6b51efbed3f6c9b0ef03bc46ff050679c4be7ea6d2e23540870"},
]

[[package]]
name = "decorator"
version = "5.2.1"
description = "Decorators for Humans"
optional = false
python-versions = ">=3.8"
groups = ["dev"]
files = [
    {file = "decorator-5.2.1-py3-none-any.whl", hash = "sha256:d316bb415a2d9e2d2b3abcc4084c6502fc09240e292cd76a76afc106a1c8e04a"},
    {file = "decorator-5.2.1.tar.gz", hash = "sha256:65f266143752f734b0a7cc83c46f4618af75b8c5911b00ccb61d0ac9b6da0360"},
]

[[package]]
name = "executing"
version = "2.2.1"
description = "Get the currently executing AST node of a frame, and other information"
optional = false
python-versions = ">=3.8"
groups = ["dev"]
files = [
    {file = "executing-2.2.1-py2.py3-none-any.whl", hash = "sha256:760643d3452b4d777d295bb167ccc74c64a81df23fb5e08eff250c425a4b2017"},
    {file = "executing-2.2.1.tar.gz", hash = "sha256:3632cc370565f6648cc328b32435bd120a1e4ebb20c77e3fdde9a13cd1e533c4"},
]

[package.extras]
tests = ["asttokens (>=2.1.0)", "coverage", "coverage-enable-subprocess", "ipython", "littleutils", "pytest", "rich ; python_version >= \"3.11\""]

[[package]]
name = "fonttools"
version = "4.59.2"
description = "Tools to manipulate font files"
optional = false
python-versions = ">=3.9"
groups = ["main"]
files = [
    {file = "fonttools-4.59.2-cp310-cp310-macosx_10_9_universal2.whl", hash = "sha256:2a159e36ae530650acd13604f364b3a2477eff7408dcac6a640d74a3744d2514"},
    {file = "fonttools-4.59.2-cp310-cp310-macosx_10_9_x86_64.whl", hash = "sha256:8bd733e47bf4c6dee2b2d8af7a1f7b0c091909b22dbb969a29b2b991e61e5ba4"},
    {file = "fonttools-4.59.2-cp310-cp310-manylinux2014_aarch64.manylinux_2_17_aarch64.manylinux_2_28_aarch64.whl", hash = "sha256:7bb32e0e33795e3b7795bb9b88cb6a9d980d3cbe26dd57642471be547708e17a"},
    {file = "fonttools-4.59.2-cp310-cp310-manylinux2014_x86_64.manylinux_2_17_x86_64.whl", hash = "sha256:cdcdf7aad4bab7fd0f2938624a5a84eb4893be269f43a6701b0720b726f24df0"},
    {file = "fonttools-4.59.2-cp310-cp310-musllinux_1_2_aarch64.whl", hash = "sha256:4d974312a9f405628e64f475b1f5015a61fd338f0a1b61d15c4822f97d6b045b"},
    {file = "fonttools-4.59.2-cp310-cp310-musllinux_1_2_x86_64.whl", hash = "sha256:12dc4670e6e6cc4553e8de190f86a549e08ca83a036363115d94a2d67488831e"},
    {file = "fonttools-4.59.2-cp310-cp310-win32.whl", hash = "sha256:1603b85d5922042563eea518e272b037baf273b9a57d0f190852b0b075079000"},
    {file = "fonttools-4.59.2-cp310-cp310-win_amd64.whl", hash = "sha256:2543b81641ea5b8ddfcae7926e62aafd5abc604320b1b119e5218c014a7a5d3c"},
    {file = "fonttools-4.59.2-cp311-cp311-macosx_10_9_universal2.whl", hash = "sha256:511946e8d7ea5c0d6c7a53c4cb3ee48eda9ab9797cd9bf5d95829a398400354f"},
    {file = "fonttools-4.59.2-cp311-cp311-macosx_10_9_x86_64.whl", hash = "sha256:8e5e2682cf7be766d84f462ba8828d01e00c8751a8e8e7ce12d7784ccb69a30d"},
    {file = "fonttools-4.59.2-cp311-cp311-manylinux2014_aarch64.manylinux_2_17_aarch64.manylinux_2_28_aarch64.whl", hash = "sha256:5729e12a982dba3eeae650de48b06f3b9ddb51e9aee2fcaf195b7d09a96250e2"},
    {file = "fonttools-4.59.2-cp311-cp311-manylinux2014_x86_64.manylinux_2_17_x86_64.whl", hash = "sha256:c52694eae5d652361d59ecdb5a2246bff7cff13b6367a12da8499e9df56d148d"},
    {file = "fonttools-4.59.2-cp311-cp311-musllinux_1_2_aarch64.whl", hash = "sha256:f1f1bbc23ba1312bd8959896f46f667753b90216852d2a8cfa2d07e0cb234144"},
    {file = "fonttools-4.59.2-cp311-cp311-musllinux_1_2_x86_64.whl", hash = "sha256:1a1bfe5378962825dabe741720885e8b9ae9745ec7ecc4a5ec1f1ce59a6062bf"},
    {file = "fonttools-4.59.2-cp311-cp311-win32.whl", hash = "sha256:e937790f3c2c18a1cbc7da101550a84319eb48023a715914477d2e7faeaba570"},
    {file = "fonttools-4.59.2-cp311-cp311-win_amd64.whl", hash = "sha256:9836394e2f4ce5f9c0a7690ee93bd90aa1adc6b054f1a57b562c5d242c903104"},
    {file = "fonttools-4.59.2-cp312-cp312-macosx_10_13_universal2.whl", hash = "sha256:82906d002c349cad647a7634b004825a7335f8159d0d035ae89253b4abf6f3ea"},
    {file = "fonttools-4.59.2-cp312-cp312-macosx_10_13_x86_64.whl", hash = "sha256:a10c1bd7644dc58f8862d8ba0cf9fb7fef0af01ea184ba6ce3f50ab7dfe74d5a"},
    {file = "fonttools-4.59.2-cp312-cp312-manylinux1_x86_64.manylinux2014_x86_64.manylinux_2_17_x86_64.manylinux_2_5_x86_64.whl", hash = "sha256:738f31f23e0339785fd67652a94bc69ea49e413dfdb14dcb8c8ff383d249464e"},
    {file = "fonttools-4.59.2-cp312-cp312-manylinux2014_aarch64.manylinux_2_17_aarch64.manylinux_2_28_aarch64.whl", hash = "sha256:0ec99f9bdfee9cdb4a9172f9e8fd578cce5feb231f598909e0aecf5418da4f25"},
    {file = "fonttools-4.59.2-cp312-cp312-musllinux_1_2_aarch64.whl", hash = "sha256:0476ea74161322e08c7a982f83558a2b81b491509984523a1a540baf8611cc31"},
    {file = "fonttools-4.59.2-cp312-cp312-musllinux_1_2_x86_64.whl", hash = "sha256:95922a922daa1f77cc72611747c156cfb38030ead72436a2c551d30ecef519b9"},
    {file = "fonttools-4.59.2-cp312-cp312-win32.whl", hash = "sha256:39ad9612c6a622726a6a130e8ab15794558591f999673f1ee7d2f3d30f6a3e1c"},
    {file = "fonttools-4.59.2-cp312-cp312-win_amd64.whl", hash = "sha256:980fd7388e461b19a881d35013fec32c713ffea1fc37aef2f77d11f332dfd7da"},
    {file = "fonttools-4.59.2-cp313-cp313-macosx_10_13_universal2.whl", hash = "sha256:381bde13216ba09489864467f6bc0c57997bd729abfbb1ce6f807ba42c06cceb"},
    {file = "fonttools-4.59.2-cp313-cp313-macosx_10_13_x86_64.whl", hash = "sha256:f33839aa091f7eef4e9078f5b7ab1b8ea4b1d8a50aeaef9fdb3611bba80869ec"},
    {file = "fonttools-4.59.2-cp313-cp313-manylinux1_x86_64.manylinux2014_x86_64.manylinux_2_17_x86_64.manylinux_2_5_x86_64.whl", hash = "sha256:6235fc06bcbdb40186f483ba9d5d68f888ea68aa3c8dac347e05a7c54346fbc8"},
    {file = "fonttools-4.59.2-cp313-cp313-manylinux2014_aarch64.manylinux_2_17_aarch64.manylinux_2_28_aarch64.whl", hash = "sha256:83ad6e5d06ef3a2884c4fa6384a20d6367b5cfe560e3b53b07c9dc65a7020e73"},
    {file = "fonttools-4.59.2-cp313-cp313-musllinux_1_2_aarch64.whl", hash = "sha256:d029804c70fddf90be46ed5305c136cae15800a2300cb0f6bba96d48e770dde0"},
    {file = "fonttools-4.59.2-cp313-cp313-musllinux_1_2_x86_64.whl", hash = "sha256:95807a3b5e78f2714acaa26a33bc2143005cc05c0217b322361a772e59f32b89"},
    {file = "fonttools-4.59.2-cp313-cp313-win32.whl", hash = "sha256:b3ebda00c3bb8f32a740b72ec38537d54c7c09f383a4cfefb0b315860f825b08"},
    {file = "fonttools-4.59.2-cp313-cp313-win_amd64.whl", hash = "sha256:a72155928d7053bbde499d32a9c77d3f0f3d29ae72b5a121752481bcbd71e50f"},
    {file = "fonttools-4.59.2-cp314-cp314-macosx_10_13_universal2.whl", hash = "sha256:d09e487d6bfbe21195801323ba95c91cb3523f0fcc34016454d4d9ae9eaa57fe"},
    {file = "fonttools-4.59.2-cp314-cp314-macosx_10_13_x86_64.whl", hash = "sha256:dec2f22486d7781087b173799567cffdcc75e9fb2f1c045f05f8317ccce76a3e"},
    {file = "fonttools-4.59.2-cp314-cp314-manylinux1_x86_64.manylinux2014_x86_64.manylinux_2_17_x86_64.manylinux_2_5_x86_64.whl", hash = "sha256:1647201af10993090120da2e66e9526c4e20e88859f3e34aa05b8c24ded2a564"},
    {file = "fonttools-4.59.2-cp314-cp314-manylinux2014_aarch64.manylinux_2_17_aarch64.manylinux_2_28_aarch64.whl", hash = "sha256:47742c33fe65f41eabed36eec2d7313a8082704b7b808752406452f766c573fc"},
    {file = "fonttools-4.59.2-cp314-cp314-musllinux_1_2_aarch64.whl", hash = "sha256:92ac2d45794f95d1ad4cb43fa07e7e3776d86c83dc4b9918cf82831518165b4b"},
    {file = "fonttools-4.59.2-cp314-cp314-musllinux_1_2_x86_64.whl", hash = "sha256:fa9ecaf2dcef8941fb5719e16322345d730f4c40599bbf47c9753de40eb03882"},
    {file = "fonttools-4.59.2-cp314-cp314-win32.whl", hash = "sha256:a8d40594982ed858780e18a7e4c80415af65af0f22efa7de26bdd30bf24e1e14"},
    {file = "fonttools-4.59.2-cp314-cp314-win_amd64.whl", hash = "sha256:9cde8b6a6b05f68516573523f2013a3574cb2c75299d7d500f44de82ba947b80"},
    {file = "fonttools-4.59.2-cp314-cp314t-macosx_10_13_universal2.whl", hash = "sha256:036cd87a2dbd7ef72f7b68df8314ced00b8d9973aee296f2464d06a836aeb9a9"},
    {file = "fonttools-4.59.2-cp314-cp314t-macosx_10_13_x86_64.whl", hash = "sha256:14870930181493b1d740b6f25483e20185e5aea58aec7d266d16da7be822b4bb"},
    {file = "fonttools-4.59.2-cp314-cp314t-manylinux1_x86_64.manylinux2014_x86_64.manylinux_2_17_x86_64.manylinux_2_5_x86_64.whl", hash = "sha256:7ff58ea1eb8fc7e05e9a949419f031890023f8785c925b44d6da17a6a7d6e85d"},
    {file = "fonttools-4.59.2-cp314-cp314t-manylinux2014_aarch64.manylinux_2_17_aarch64.manylinux_2_28_aarch64.whl", hash = "sha256:6dee142b8b3096514c96ad9e2106bf039e2fe34a704c587585b569a36df08c3c"},
    {file = "fonttools-4.59.2-cp314-cp314t-musllinux_1_2_aarch64.whl", hash = "sha256:8991bdbae39cf78bcc9cd3d81f6528df1f83f2e7c23ccf6f990fa1f0b6e19708"},
    {file = "fonttools-4.59.2-cp314-cp314t-musllinux_1_2_x86_64.whl", hash = "sha256:53c1a411b7690042535a4f0edf2120096a39a506adeb6c51484a232e59f2aa0c"},
    {file = "fonttools-4.59.2-cp314-cp314t-win32.whl", hash = "sha256:59d85088e29fa7a8f87d19e97a1beae2a35821ee48d8ef6d2c4f965f26cb9f8a"},
    {file = "fonttools-4.59.2-cp314-cp314t-win_amd64.whl", hash = "sha256:7ad5d8d8cc9e43cb438b3eb4a0094dd6d4088daa767b0a24d52529361fd4c199"},
    {file = "fonttools-4.59.2-cp39-cp39-macosx_10_9_universal2.whl", hash = "sha256:3cdf9d32690f0e235342055f0a6108eedfccf67b213b033bac747eb809809513"},
    {file = "fonttools-4.59.2-cp39-cp39-macosx_10_9_x86_64.whl", hash = "sha256:67f9640d6b31d66c0bc54bdbe8ed50983c755521c101576a25e377a8711e8207"},
    {file = "fonttools-4.59.2-cp39-cp39-manylinux2014_aarch64.manylinux_2_17_aarch64.manylinux_2_28_aarch64.whl", hash = "sha256:464d15b58a9fd4304c728735fc1d42cd812fd9ebc27c45b18e78418efd337c28"},
    {file = "fonttools-4.59.2-cp39-cp39-manylinux2014_x86_64.manylinux_2_17_x86_64.whl", hash = "sha256:a039c38d5644c691eb53cd65360921338f54e44c90b4e764605711e046c926ee"},
    {file = "fonttools-4.59.2-cp39-cp39-musllinux_1_2_aarch64.whl", hash = "sha256:e4f5100e66ec307cce8b52fc03e379b5d1596e9cb8d8b19dfeeccc1e68d86c96"},
    {file = "fonttools-4.59.2-cp39-cp39-musllinux_1_2_x86_64.whl", hash = "sha256:af6dbd463a3530256abf21f675ddf87646272bc48901803a185c49d06287fbf1"},
    {file = "fonttools-4.59.2-cp39-cp39-win32.whl", hash = "sha256:594a6fd2f8296583ac7babc4880c8deee7c4f05ab0141addc6bce8b8e367e996"},
    {file = "fonttools-4.59.2-cp39-cp39-win_amd64.whl", hash = "sha256:fc21c4a05226fd39715f66c1c28214862474db50df9f08fd1aa2f96698887bc3"},
    {file = "fonttools-4.59.2-py3-none-any.whl", hash = "sha256:8bd0f759020e87bb5d323e6283914d9bf4ae35a7307dafb2cbd1e379e720ad37"},
    {file = "fonttools-4.59.2.tar.gz", hash = "sha256:e72c0749b06113f50bcb80332364c6be83a9582d6e3db3fe0b280f996dc2ef22"},
]

[package.extras]
all = ["brotli (>=1.0.1) ; platform_python_implementation == \"CPython\"", "brotlicffi (>=0.8.0) ; platform_python_implementation != \"CPython\"", "lxml (>=4.0)", "lz4 (>=1.7.4.2)", "matplotlib", "munkres ; platform_python_implementation == \"PyPy\"", "pycairo", "scipy ; platform_python_implementation != \"PyPy\"", "skia-pathops (>=0.5.0)", "sympy", "uharfbuzz (>=0.23.0)", "unicodedata2 (>=15.1.0) ; python_version <= \"3.12\"", "xattr ; sys_platform == \"darwin\"", "zopfli (>=0.1.4)"]
graphite = ["lz4 (>=1.7.4.2)"]
interpolatable = ["munkres ; platform_python_implementation == \"PyPy\"", "pycairo", "scipy ; platform_python_implementation != \"PyPy\""]
lxml = ["lxml (>=4.0)"]
pathops = ["skia-pathops (>=0.5.0)"]
plot = ["matplotlib"]
repacker = ["uharfbuzz (>=0.23.0)"]
symfont = ["sympy"]
type1 = ["xattr ; sys_platform == \"darwin\""]
unicode = ["unicodedata2 (>=15.1.0) ; python_version <= \"3.12\""]
woff = ["brotli (>=1.0.1) ; platform_python_implementation == \"CPython\"", "brotlicffi (>=0.8.0) ; platform_python_implementation != \"CPython\"", "zopfli (>=0.1.4)"]

[[package]]
name = "iniconfig"
version = "2.1.0"
description = "brain-dead simple config-ini parsing"
optional = false
python-versions = ">=3.8"
groups = ["dev"]
files = [
    {file = "iniconfig-2.1.0-py3-none-any.whl", hash = "sha256:9deba5723312380e77435581c6bf4935c94cbfab9b1ed33ef8d238ea168eb760"},
    {file = "iniconfig-2.1.0.tar.gz", hash = "sha256:3abbd2e30b36733fee78f9c7f7308f2d0050e88f0087fd25c2645f63c773e1c7"},
]

[[package]]
name = "invoke"
version = "2.2.0"
description = "Pythonic task execution"
optional = false
python-versions = ">=3.6"
groups = ["main"]
files = [
    {file = "invoke-2.2.0-py3-none-any.whl", hash = "sha256:6ea924cc53d4f78e3d98bc436b08069a03077e6f85ad1ddaa8a116d7dad15820"},
    {file = "invoke-2.2.0.tar.gz", hash = "sha256:ee6cbb101af1a859c7fe84f2a264c059020b0cb7fe3535f9424300ab568f6bd5"},
]

[[package]]
name = "ipykernel"
version = "6.30.1"
description = "IPython Kernel for Jupyter"
optional = false
python-versions = ">=3.9"
groups = ["dev"]
files = [
    {file = "ipykernel-6.30.1-py3-none-any.whl", hash = "sha256:aa6b9fb93dca949069d8b85b6c79b2518e32ac583ae9c7d37c51d119e18b3fb4"},
    {file = "ipykernel-6.30.1.tar.gz", hash = "sha256:6abb270161896402e76b91394fcdce5d1be5d45f456671e5080572f8505be39b"},
]

[package.dependencies]
appnope = {version = ">=0.1.2", markers = "platform_system == \"Darwin\""}
comm = ">=0.1.1"
debugpy = ">=1.6.5"
ipython = ">=7.23.1"
jupyter-client = ">=8.0.0"
jupyter-core = ">=4.12,<5.0.dev0 || >=5.1.dev0"
matplotlib-inline = ">=0.1"
nest-asyncio = ">=1.4"
packaging = ">=22"
psutil = ">=5.7"
pyzmq = ">=25"
tornado = ">=6.2"
traitlets = ">=5.4.0"

[package.extras]
cov = ["coverage[toml]", "matplotlib", "pytest-cov", "trio"]
docs = ["intersphinx-registry", "myst-parser", "pydata-sphinx-theme", "sphinx", "sphinx-autodoc-typehints", "sphinxcontrib-github-alt", "sphinxcontrib-spelling", "trio"]
pyqt5 = ["pyqt5"]
pyside6 = ["pyside6"]
test = ["flaky", "ipyparallel", "pre-commit", "pytest (>=7.0,<9)", "pytest-asyncio (>=0.23.5)", "pytest-cov", "pytest-timeout"]

[[package]]
name = "ipython"
version = "9.5.0"
description = "IPython: Productive Interactive Computing"
optional = false
python-versions = ">=3.11"
groups = ["dev"]
files = [
    {file = "ipython-9.5.0-py3-none-any.whl", hash = "sha256:88369ffa1d5817d609120daa523a6da06d02518e582347c29f8451732a9c5e72"},
    {file = "ipython-9.5.0.tar.gz", hash = "sha256:129c44b941fe6d9b82d36fc7a7c18127ddb1d6f02f78f867f402e2e3adde3113"},
]

[package.dependencies]
colorama = {version = "*", markers = "sys_platform == \"win32\""}
decorator = "*"
ipython-pygments-lexers = "*"
jedi = ">=0.16"
matplotlib-inline = "*"
pexpect = {version = ">4.3", markers = "sys_platform != \"win32\" and sys_platform != \"emscripten\""}
prompt_toolkit = ">=3.0.41,<3.1.0"
pygments = ">=2.4.0"
stack_data = "*"
traitlets = ">=5.13.0"

[package.extras]
all = ["ipython[doc,matplotlib,test,test-extra]"]
black = ["black"]
doc = ["docrepr", "exceptiongroup", "intersphinx_registry", "ipykernel", "ipython[test]", "matplotlib", "setuptools (>=18.5)", "sphinx (>=1.3)", "sphinx-rtd-theme", "sphinx_toml (==0.0.4)", "typing_extensions"]
matplotlib = ["matplotlib"]
test = ["packaging", "pytest", "pytest-asyncio", "testpath"]
test-extra = ["curio", "ipykernel", "ipython[test]", "jupyter_ai", "matplotlib (!=3.2.0)", "nbclient", "nbformat", "numpy (>=1.23)", "pandas", "trio"]

[[package]]
name = "ipython-pygments-lexers"
version = "1.1.1"
description = "Defines a variety of Pygments lexers for highlighting IPython code."
optional = false
python-versions = ">=3.8"
groups = ["dev"]
files = [
    {file = "ipython_pygments_lexers-1.1.1-py3-none-any.whl", hash = "sha256:a9462224a505ade19a605f71f8fa63c2048833ce50abc86768a0d81d876dc81c"},
    {file = "ipython_pygments_lexers-1.1.1.tar.gz", hash = "sha256:09c0138009e56b6854f9535736f4171d855c8c08a563a0dcd8022f78355c7e81"},
]

[package.dependencies]
pygments = "*"

[[package]]
name = "isort"
version = "6.0.1"
description = "A Python utility / library to sort Python imports."
optional = false
python-versions = ">=3.9.0"
groups = ["main"]
files = [
    {file = "isort-6.0.1-py3-none-any.whl", hash = "sha256:2dc5d7f65c9678d94c88dfc29161a320eec67328bc97aad576874cb4be1e9615"},
    {file = "isort-6.0.1.tar.gz", hash = "sha256:1cb5df28dfbc742e490c5e41bad6da41b805b0a8be7bc93cd0fb2a8a890ac450"},
]

[package.extras]
colors = ["colorama"]
plugins = ["setuptools"]

[[package]]
name = "jedi"
version = "0.19.2"
description = "An autocompletion tool for Python that can be used for text editors."
optional = false
python-versions = ">=3.6"
groups = ["dev"]
files = [
    {file = "jedi-0.19.2-py2.py3-none-any.whl", hash = "sha256:a8ef22bde8490f57fe5c7681a3c83cb58874daf72b4784de3cce5b6ef6edb5b9"},
    {file = "jedi-0.19.2.tar.gz", hash = "sha256:4770dc3de41bde3966b02eb84fbcf557fb33cce26ad23da12c742fb50ecb11f0"},
]

[package.dependencies]
parso = ">=0.8.4,<0.9.0"

[package.extras]
docs = ["Jinja2 (==2.11.3)", "MarkupSafe (==1.1.1)", "Pygments (==2.8.1)", "alabaster (==0.7.12)", "babel (==2.9.1)", "chardet (==4.0.0)", "commonmark (==0.8.1)", "docutils (==0.17.1)", "future (==0.18.2)", "idna (==2.10)", "imagesize (==1.2.0)", "mock (==1.0.1)", "packaging (==20.9)", "pyparsing (==2.4.7)", "pytz (==2021.1)", "readthedocs-sphinx-ext (==2.1.4)", "recommonmark (==0.5.0)", "requests (==2.25.1)", "six (==1.15.0)", "snowballstemmer (==2.1.0)", "sphinx (==1.8.5)", "sphinx-rtd-theme (==0.4.3)", "sphinxcontrib-serializinghtml (==1.1.4)", "sphinxcontrib-websupport (==1.2.4)", "urllib3 (==1.26.4)"]
qa = ["flake8 (==5.0.4)", "mypy (==0.971)", "types-setuptools (==67.2.0.1)"]
testing = ["Django", "attrs", "colorama", "docopt", "pytest (<9.0.0)"]

[[package]]
name = "jmespath"
version = "1.0.1"
description = "JSON Matching Expressions"
optional = false
python-versions = ">=3.7"
groups = ["main"]
files = [
    {file = "jmespath-1.0.1-py3-none-any.whl", hash = "sha256:02e2e4cc71b5bcab88332eebf907519190dd9e6e82107fa7f83b1003a6252980"},
    {file = "jmespath-1.0.1.tar.gz", hash = "sha256:90261b206d6defd58fdd5e85f478bf633a2901798906be2ad389150c5c60edbe"},
]

[[package]]
name = "joblib"
version = "1.5.2"
description = "Lightweight pipelining with Python functions"
optional = false
python-versions = ">=3.9"
groups = ["main"]
files = [
    {file = "joblib-1.5.2-py3-none-any.whl", hash = "sha256:4e1f0bdbb987e6d843c70cf43714cb276623def372df3c22fe5266b2670bc241"},
    {file = "joblib-1.5.2.tar.gz", hash = "sha256:3faa5c39054b2f03ca547da9b2f52fde67c06240c31853f306aea97f13647b55"},
]

[[package]]
name = "jupyter-client"
version = "8.6.3"
description = "Jupyter protocol implementation and client libraries"
optional = false
python-versions = ">=3.8"
groups = ["dev"]
files = [
    {file = "jupyter_client-8.6.3-py3-none-any.whl", hash = "sha256:e8a19cc986cc45905ac3362915f410f3af85424b4c0905e94fa5f2cb08e8f23f"},
    {file = "jupyter_client-8.6.3.tar.gz", hash = "sha256:35b3a0947c4a6e9d589eb97d7d4cd5e90f910ee73101611f01283732bd6d9419"},
]

[package.dependencies]
jupyter-core = ">=4.12,<5.0.dev0 || >=5.1.dev0"
python-dateutil = ">=2.8.2"
pyzmq = ">=23.0"
tornado = ">=6.2"
traitlets = ">=5.3"

[package.extras]
docs = ["ipykernel", "myst-parser", "pydata-sphinx-theme", "sphinx (>=4)", "sphinx-autodoc-typehints", "sphinxcontrib-github-alt", "sphinxcontrib-spelling"]
test = ["coverage", "ipykernel (>=6.14)", "mypy", "paramiko ; sys_platform == \"win32\"", "pre-commit", "pytest (<8.2.0)", "pytest-cov", "pytest-jupyter[client] (>=0.4.1)", "pytest-timeout"]

[[package]]
name = "jupyter-core"
version = "5.8.1"
description = "Jupyter core package. A base package on which Jupyter projects rely."
optional = false
python-versions = ">=3.8"
groups = ["dev"]
files = [
    {file = "jupyter_core-5.8.1-py3-none-any.whl", hash = "sha256:c28d268fc90fb53f1338ded2eb410704c5449a358406e8a948b75706e24863d0"},
    {file = "jupyter_core-5.8.1.tar.gz", hash = "sha256:0a5f9706f70e64786b75acba995988915ebd4601c8a52e534a40b51c95f59941"},
]

[package.dependencies]
platformdirs = ">=2.5"
pywin32 = {version = ">=300", markers = "sys_platform == \"win32\" and platform_python_implementation != \"PyPy\""}
traitlets = ">=5.3"

[package.extras]
docs = ["intersphinx-registry", "myst-parser", "pydata-sphinx-theme", "sphinx-autodoc-typehints", "sphinxcontrib-spelling", "traitlets"]
test = ["ipykernel", "pre-commit", "pytest (<9)", "pytest-cov", "pytest-timeout"]

[[package]]
name = "kiwisolver"
version = "1.4.9"
description = "A fast implementation of the Cassowary constraint solver"
optional = false
python-versions = ">=3.10"
groups = ["main"]
files = [
    {file = "kiwisolver-1.4.9-cp310-cp310-macosx_10_9_universal2.whl", hash = "sha256:b4b4d74bda2b8ebf4da5bd42af11d02d04428b2c32846e4c2c93219df8a7987b"},
    {file = "kiwisolver-1.4.9-cp310-cp310-macosx_10_9_x86_64.whl", hash = "sha256:fb3b8132019ea572f4611d770991000d7f58127560c4889729248eb5852a102f"},
    {file = "kiwisolver-1.4.9-cp310-cp310-macosx_11_0_arm64.whl", hash = "sha256:84fd60810829c27ae375114cd379da1fa65e6918e1da405f356a775d49a62bcf"},
    {file = "kiwisolver-1.4.9-cp310-cp310-manylinux_2_12_x86_64.manylinux2010_x86_64.whl", hash = "sha256:b78efa4c6e804ecdf727e580dbb9cba85624d2e1c6b5cb059c66290063bd99a9"},
    {file = "kiwisolver-1.4.9-cp310-cp310-manylinux_2_24_aarch64.manylinux_2_28_aarch64.whl", hash = "sha256:d4efec7bcf21671db6a3294ff301d2fc861c31faa3c8740d1a94689234d1b415"},
    {file = "kiwisolver-1.4.9-cp310-cp310-manylinux_2_24_ppc64le.manylinux_2_28_ppc64le.whl", hash = "sha256:90f47e70293fc3688b71271100a1a5453aa9944a81d27ff779c108372cf5567b"},
    {file = "kiwisolver-1.4.9-cp310-cp310-manylinux_2_24_s390x.manylinux_2_28_s390x.whl", hash = "sha256:8fdca1def57a2e88ef339de1737a1449d6dbf5fab184c54a1fca01d541317154"},
    {file = "kiwisolver-1.4.9-cp310-cp310-musllinux_1_2_aarch64.whl", hash = "sha256:9cf554f21be770f5111a1690d42313e140355e687e05cf82cb23d0a721a64a48"},
    {file = "kiwisolver-1.4.9-cp310-cp310-musllinux_1_2_ppc64le.whl", hash = "sha256:fc1795ac5cd0510207482c3d1d3ed781143383b8cfd36f5c645f3897ce066220"},
    {file = "kiwisolver-1.4.9-cp310-cp310-musllinux_1_2_s390x.whl", hash = "sha256:ccd09f20ccdbbd341b21a67ab50a119b64a403b09288c27481575105283c1586"},
    {file = "kiwisolver-1.4.9-cp310-cp310-musllinux_1_2_x86_64.whl", hash = "sha256:540c7c72324d864406a009d72f5d6856f49693db95d1fbb46cf86febef873634"},
    {file = "kiwisolver-1.4.9-cp310-cp310-win_amd64.whl", hash = "sha256:ede8c6d533bc6601a47ad4046080d36b8fc99f81e6f1c17b0ac3c2dc91ac7611"},
    {file = "kiwisolver-1.4.9-cp310-cp310-win_arm64.whl", hash = "sha256:7b4da0d01ac866a57dd61ac258c5607b4cd677f63abaec7b148354d2b2cdd536"},
    {file = "kiwisolver-1.4.9-cp311-cp311-macosx_10_9_universal2.whl", hash = "sha256:eb14a5da6dc7642b0f3a18f13654847cd8b7a2550e2645a5bda677862b03ba16"},
    {file = "kiwisolver-1.4.9-cp311-cp311-macosx_10_9_x86_64.whl", hash = "sha256:39a219e1c81ae3b103643d2aedb90f1ef22650deb266ff12a19e7773f3e5f089"},
    {file = "kiwisolver-1.4.9-cp311-cp311-macosx_11_0_arm64.whl", hash = "sha256:2405a7d98604b87f3fc28b1716783534b1b4b8510d8142adca34ee0bc3c87543"},
    {file = "kiwisolver-1.4.9-cp311-cp311-manylinux2014_x86_64.manylinux_2_17_x86_64.whl", hash = "sha256:dc1ae486f9abcef254b5618dfb4113dd49f94c68e3e027d03cf0143f3f772b61"},
    {file = "kiwisolver-1.4.9-cp311-cp311-manylinux_2_24_aarch64.manylinux_2_28_aarch64.whl", hash = "sha256:8a1f570ce4d62d718dce3f179ee78dac3b545ac16c0c04bb363b7607a949c0d1"},
    {file = "kiwisolver-1.4.9-cp311-cp311-manylinux_2_24_ppc64le.manylinux_2_28_ppc64le.whl", hash = "sha256:cb27e7b78d716c591e88e0a09a2139c6577865d7f2e152488c2cc6257f460872"},
    {file = "kiwisolver-1.4.9-cp311-cp311-manylinux_2_24_s390x.manylinux_2_28_s390x.whl", hash = "sha256:15163165efc2f627eb9687ea5f3a28137217d217ac4024893d753f46bce9de26"},
    {file = "kiwisolver-1.4.9-cp311-cp311-musllinux_1_2_aarch64.whl", hash = "sha256:bdee92c56a71d2b24c33a7d4c2856bd6419d017e08caa7802d2963870e315028"},
    {file = "kiwisolver-1.4.9-cp311-cp311-musllinux_1_2_ppc64le.whl", hash = "sha256:412f287c55a6f54b0650bd9b6dce5aceddb95864a1a90c87af16979d37c89771"},
    {file = "kiwisolver-1.4.9-cp311-cp311-musllinux_1_2_s390x.whl", hash = "sha256:2c93f00dcba2eea70af2be5f11a830a742fe6b579a1d4e00f47760ef13be247a"},
    {file = "kiwisolver-1.4.9-cp311-cp311-musllinux_1_2_x86_64.whl", hash = "sha256:f117e1a089d9411663a3207ba874f31be9ac8eaa5b533787024dc07aeb74f464"},
    {file = "kiwisolver-1.4.9-cp311-cp311-win_amd64.whl", hash = "sha256:be6a04e6c79819c9a8c2373317d19a96048e5a3f90bec587787e86a1153883c2"},
    {file = "kiwisolver-1.4.9-cp311-cp311-win_arm64.whl", hash = "sha256:0ae37737256ba2de764ddc12aed4956460277f00c4996d51a197e72f62f5eec7"},
    {file = "kiwisolver-1.4.9-cp312-cp312-macosx_10_13_universal2.whl", hash = "sha256:ac5a486ac389dddcc5bef4f365b6ae3ffff2c433324fb38dd35e3fab7c957999"},
    {file = "kiwisolver-1.4.9-cp312-cp312-macosx_10_13_x86_64.whl", hash = "sha256:f2ba92255faa7309d06fe44c3a4a97efe1c8d640c2a79a5ef728b685762a6fd2"},
    {file = "kiwisolver-1.4.9-cp312-cp312-macosx_11_0_arm64.whl", hash = "sha256:4a2899935e724dd1074cb568ce7ac0dce28b2cd6ab539c8e001a8578eb106d14"},
    {file = "kiwisolver-1.4.9-cp312-cp312-manylinux2014_x86_64.manylinux_2_17_x86_64.whl", hash = "sha256:f6008a4919fdbc0b0097089f67a1eb55d950ed7e90ce2cc3e640abadd2757a04"},
    {file = "kiwisolver-1.4.9-cp312-cp312-manylinux_2_24_aarch64.manylinux_2_28_aarch64.whl", hash = "sha256:67bb8b474b4181770f926f7b7d2f8c0248cbcb78b660fdd41a47054b28d2a752"},
    {file = "kiwisolver-1.4.9-cp312-cp312-manylinux_2_24_ppc64le.manylinux_2_28_ppc64le.whl", hash = "sha256:2327a4a30d3ee07d2fbe2e7933e8a37c591663b96ce42a00bc67461a87d7df77"},
    {file = "kiwisolver-1.4.9-cp312-cp312-manylinux_2_24_s390x.manylinux_2_28_s390x.whl", hash = "sha256:7a08b491ec91b1d5053ac177afe5290adacf1f0f6307d771ccac5de30592d198"},
    {file = "kiwisolver-1.4.9-cp312-cp312-musllinux_1_2_aarch64.whl", hash = "sha256:d8fc5c867c22b828001b6a38d2eaeb88160bf5783c6cb4a5e440efc981ce286d"},
    {file = "kiwisolver-1.4.9-cp312-cp312-musllinux_1_2_ppc64le.whl", hash = "sha256:3b3115b2581ea35bb6d1f24a4c90af37e5d9b49dcff267eeed14c3893c5b86ab"},
    {file = "kiwisolver-1.4.9-cp312-cp312-musllinux_1_2_s390x.whl", hash = "sha256:858e4c22fb075920b96a291928cb7dea5644e94c0ee4fcd5af7e865655e4ccf2"},
    {file = "kiwisolver-1.4.9-cp312-cp312-musllinux_1_2_x86_64.whl", hash = "sha256:ed0fecd28cc62c54b262e3736f8bb2512d8dcfdc2bcf08be5f47f96bf405b145"},
    {file = "kiwisolver-1.4.9-cp312-cp312-win_amd64.whl", hash = "sha256:f68208a520c3d86ea51acf688a3e3002615a7f0238002cccc17affecc86a8a54"},
    {file = "kiwisolver-1.4.9-cp312-cp312-win_arm64.whl", hash = "sha256:2c1a4f57df73965f3f14df20b80ee29e6a7930a57d2d9e8491a25f676e197c60"},
    {file = "kiwisolver-1.4.9-cp313-cp313-macosx_10_13_universal2.whl", hash = "sha256:a5d0432ccf1c7ab14f9949eec60c5d1f924f17c037e9f8b33352fa05799359b8"},
    {file = "kiwisolver-1.4.9-cp313-cp313-macosx_10_13_x86_64.whl", hash = "sha256:efb3a45b35622bb6c16dbfab491a8f5a391fe0e9d45ef32f4df85658232ca0e2"},
    {file = "kiwisolver-1.4.9-cp313-cp313-macosx_11_0_arm64.whl", hash = "sha256:1a12cf6398e8a0a001a059747a1cbf24705e18fe413bc22de7b3d15c67cffe3f"},
    {file = "kiwisolver-1.4.9-cp313-cp313-manylinux2014_x86_64.manylinux_2_17_x86_64.whl", hash = "sha256:b67e6efbf68e077dd71d1a6b37e43e1a99d0bff1a3d51867d45ee8908b931098"},
    {file = "kiwisolver-1.4.9-cp313-cp313-manylinux_2_24_aarch64.manylinux_2_28_aarch64.whl", hash = "sha256:5656aa670507437af0207645273ccdfee4f14bacd7f7c67a4306d0dcaeaf6eed"},
    {file = "kiwisolver-1.4.9-cp313-cp313-manylinux_2_24_ppc64le.manylinux_2_28_ppc64le.whl", hash = "sha256:bfc08add558155345129c7803b3671cf195e6a56e7a12f3dde7c57d9b417f525"},
    {file = "kiwisolver-1.4.9-cp313-cp313-manylinux_2_24_s390x.manylinux_2_28_s390x.whl", hash = "sha256:40092754720b174e6ccf9e845d0d8c7d8e12c3d71e7fc35f55f3813e96376f78"},
    {file = "kiwisolver-1.4.9-cp313-cp313-musllinux_1_2_aarch64.whl", hash = "sha256:497d05f29a1300d14e02e6441cf0f5ee81c1ff5a304b0d9fb77423974684e08b"},
    {file = "kiwisolver-1.4.9-cp313-cp313-musllinux_1_2_ppc64le.whl", hash = "sha256:bdd1a81a1860476eb41ac4bc1e07b3f07259e6d55bbf739b79c8aaedcf512799"},
    {file = "kiwisolver-1.4.9-cp313-cp313-musllinux_1_2_s390x.whl", hash = "sha256:e6b93f13371d341afee3be9f7c5964e3fe61d5fa30f6a30eb49856935dfe4fc3"},
    {file = "kiwisolver-1.4.9-cp313-cp313-musllinux_1_2_x86_64.whl", hash = "sha256:d75aa530ccfaa593da12834b86a0724f58bff12706659baa9227c2ccaa06264c"},
    {file = "kiwisolver-1.4.9-cp313-cp313-win_amd64.whl", hash = "sha256:dd0a578400839256df88c16abddf9ba14813ec5f21362e1fe65022e00c883d4d"},
    {file = "kiwisolver-1.4.9-cp313-cp313-win_arm64.whl", hash = "sha256:d4188e73af84ca82468f09cadc5ac4db578109e52acb4518d8154698d3a87ca2"},
    {file = "kiwisolver-1.4.9-cp313-cp313t-macosx_10_13_universal2.whl", hash = "sha256:5a0f2724dfd4e3b3ac5a82436a8e6fd16baa7d507117e4279b660fe8ca38a3a1"},
    {file = "kiwisolver-1.4.9-cp313-cp313t-macosx_10_13_x86_64.whl", hash = "sha256:1b11d6a633e4ed84fc0ddafd4ebfd8ea49b3f25082c04ad12b8315c11d504dc1"},
    {file = "kiwisolver-1.4.9-cp313-cp313t-macosx_11_0_arm64.whl", hash = "sha256:61874cdb0a36016354853593cffc38e56fc9ca5aa97d2c05d3dcf6922cd55a11"},
    {file = "kiwisolver-1.4.9-cp313-cp313t-manylinux2014_x86_64.manylinux_2_17_x86_64.whl", hash = "sha256:60c439763a969a6af93b4881db0eed8fadf93ee98e18cbc35bc8da868d0c4f0c"},
    {file = "kiwisolver-1.4.9-cp313-cp313t-manylinux_2_24_aarch64.manylinux_2_28_aarch64.whl", hash = "sha256:92a2f997387a1b79a75e7803aa7ded2cfbe2823852ccf1ba3bcf613b62ae3197"},
    {file = "kiwisolver-1.4.9-cp313-cp313t-manylinux_2_24_ppc64le.manylinux_2_28_ppc64le.whl", hash = "sha256:a31d512c812daea6d8b3be3b2bfcbeb091dbb09177706569bcfc6240dcf8b41c"},
    {file = "kiwisolver-1.4.9-cp313-cp313t-manylinux_2_24_s390x.manylinux_2_28_s390x.whl", hash = "sha256:52a15b0f35dad39862d376df10c5230155243a2c1a436e39eb55623ccbd68185"},
    {file = "kiwisolver-1.4.9-cp313-cp313t-musllinux_1_2_aarch64.whl", hash = "sha256:a30fd6fdef1430fd9e1ba7b3398b5ee4e2887783917a687d86ba69985fb08748"},
    {file = "kiwisolver-1.4.9-cp313-cp313t-musllinux_1_2_ppc64le.whl", hash = "sha256:cc9617b46837c6468197b5945e196ee9ca43057bb7d9d1ae688101e4e1dddf64"},
    {file = "kiwisolver-1.4.9-cp313-cp313t-musllinux_1_2_s390x.whl", hash = "sha256:0ab74e19f6a2b027ea4f845a78827969af45ce790e6cb3e1ebab71bdf9f215ff"},
    {file = "kiwisolver-1.4.9-cp313-cp313t-musllinux_1_2_x86_64.whl", hash = "sha256:dba5ee5d3981160c28d5490f0d1b7ed730c22470ff7f6cc26cfcfaacb9896a07"},
    {file = "kiwisolver-1.4.9-cp313-cp313t-win_arm64.whl", hash = "sha256:0749fd8f4218ad2e851e11cc4dc05c7cbc0cbc4267bdfdb31782e65aace4ee9c"},
    {file = "kiwisolver-1.4.9-cp314-cp314-macosx_10_13_universal2.whl", hash = "sha256:9928fe1eb816d11ae170885a74d074f57af3a0d65777ca47e9aeb854a1fba386"},
    {file = "kiwisolver-1.4.9-cp314-cp314-macosx_10_13_x86_64.whl", hash = "sha256:d0005b053977e7b43388ddec89fa567f43d4f6d5c2c0affe57de5ebf290dc552"},
    {file = "kiwisolver-1.4.9-cp314-cp314-macosx_11_0_arm64.whl", hash = "sha256:2635d352d67458b66fd0667c14cb1d4145e9560d503219034a18a87e971ce4f3"},
    {file = "kiwisolver-1.4.9-cp314-cp314-manylinux2014_x86_64.manylinux_2_17_x86_64.whl", hash = "sha256:767c23ad1c58c9e827b649a9ab7809fd5fd9db266a9cf02b0e926ddc2c680d58"},
    {file = "kiwisolver-1.4.9-cp314-cp314-manylinux_2_24_aarch64.manylinux_2_28_aarch64.whl", hash = "sha256:72d0eb9fba308b8311685c2268cf7d0a0639a6cd027d8128659f72bdd8a024b4"},
    {file = "kiwisolver-1.4.9-cp314-cp314-manylinux_2_24_ppc64le.manylinux_2_28_ppc64le.whl", hash = "sha256:f68e4f3eeca8fb22cc3d731f9715a13b652795ef657a13df1ad0c7dc0e9731df"},
    {file = "kiwisolver-1.4.9-cp314-cp314-manylinux_2_24_s390x.manylinux_2_28_s390x.whl", hash = "sha256:d84cd4061ae292d8ac367b2c3fa3aad11cb8625a95d135fe93f286f914f3f5a6"},
    {file = "kiwisolver-1.4.9-cp314-cp314-musllinux_1_2_aarch64.whl", hash = "sha256:a60ea74330b91bd22a29638940d115df9dc00af5035a9a2a6ad9399ffb4ceca5"},
    {file = "kiwisolver-1.4.9-cp314-cp314-musllinux_1_2_ppc64le.whl", hash = "sha256:ce6a3a4e106cf35c2d9c4fa17c05ce0b180db622736845d4315519397a77beaf"},
    {file = "kiwisolver-1.4.9-cp314-cp314-musllinux_1_2_s390x.whl", hash = "sha256:77937e5e2a38a7b48eef0585114fe7930346993a88060d0bf886086d2aa49ef5"},
    {file = "kiwisolver-1.4.9-cp314-cp314-musllinux_1_2_x86_64.whl", hash = "sha256:24c175051354f4a28c5d6a31c93906dc653e2bf234e8a4bbfb964892078898ce"},
    {file = "kiwisolver-1.4.9-cp314-cp314-win_amd64.whl", hash = "sha256:0763515d4df10edf6d06a3c19734e2566368980d21ebec439f33f9eb936c07b7"},
    {file = "kiwisolver-1.4.9-cp314-cp314-win_arm64.whl", hash = "sha256:0e4e2bf29574a6a7b7f6cb5fa69293b9f96c928949ac4a53ba3f525dffb87f9c"},
    {file = "kiwisolver-1.4.9-cp314-cp314t-macosx_10_13_universal2.whl", hash = "sha256:d976bbb382b202f71c67f77b0ac11244021cfa3f7dfd9e562eefcea2df711548"},
    {file = "kiwisolver-1.4.9-cp314-cp314t-macosx_10_13_x86_64.whl", hash = "sha256:2489e4e5d7ef9a1c300a5e0196e43d9c739f066ef23270607d45aba368b91f2d"},
    {file = "kiwisolver-1.4.9-cp314-cp314t-macosx_11_0_arm64.whl", hash = "sha256:e2ea9f7ab7fbf18fffb1b5434ce7c69a07582f7acc7717720f1d69f3e806f90c"},
    {file = "kiwisolver-1.4.9-cp314-cp314t-manylinux2014_x86_64.manylinux_2_17_x86_64.whl", hash = "sha256:b34e51affded8faee0dfdb705416153819d8ea9250bbbf7ea1b249bdeb5f1122"},
    {file = "kiwisolver-1.4.9-cp314-cp314t-manylinux_2_24_aarch64.manylinux_2_28_aarch64.whl", hash = "sha256:d8aacd3d4b33b772542b2e01beb50187536967b514b00003bdda7589722d2a64"},
    {file = "kiwisolver-1.4.9-cp314-cp314t-manylinux_2_24_ppc64le.manylinux_2_28_ppc64le.whl", hash = "sha256:7cf974dd4e35fa315563ac99d6287a1024e4dc2077b8a7d7cd3d2fb65d283134"},
    {file = "kiwisolver-1.4.9-cp314-cp314t-manylinux_2_24_s390x.manylinux_2_28_s390x.whl", hash = "sha256:85bd218b5ecfbee8c8a82e121802dcb519a86044c9c3b2e4aef02fa05c6da370"},
    {file = "kiwisolver-1.4.9-cp314-cp314t-musllinux_1_2_aarch64.whl", hash = "sha256:0856e241c2d3df4efef7c04a1e46b1936b6120c9bcf36dd216e3acd84bc4fb21"},
    {file = "kiwisolver-1.4.9-cp314-cp314t-musllinux_1_2_ppc64le.whl", hash = "sha256:9af39d6551f97d31a4deebeac6f45b156f9755ddc59c07b402c148f5dbb6482a"},
    {file = "kiwisolver-1.4.9-cp314-cp314t-musllinux_1_2_s390x.whl", hash = "sha256:bb4ae2b57fc1d8cbd1cf7b1d9913803681ffa903e7488012be5b76dedf49297f"},
    {file = "kiwisolver-1.4.9-cp314-cp314t-musllinux_1_2_x86_64.whl", hash = "sha256:aedff62918805fb62d43a4aa2ecd4482c380dc76cd31bd7c8878588a61bd0369"},
    {file = "kiwisolver-1.4.9-cp314-cp314t-win_amd64.whl", hash = "sha256:1fa333e8b2ce4d9660f2cda9c0e1b6bafcfb2457a9d259faa82289e73ec24891"},
    {file = "kiwisolver-1.4.9-cp314-cp314t-win_arm64.whl", hash = "sha256:4a48a2ce79d65d363597ef7b567ce3d14d68783d2b2263d98db3d9477805ba32"},
    {file = "kiwisolver-1.4.9-pp310-pypy310_pp73-macosx_10_15_x86_64.whl", hash = "sha256:4d1d9e582ad4d63062d34077a9a1e9f3c34088a2ec5135b1f7190c07cf366527"},
    {file = "kiwisolver-1.4.9-pp310-pypy310_pp73-macosx_11_0_arm64.whl", hash = "sha256:deed0c7258ceb4c44ad5ec7d9918f9f14fd05b2be86378d86cf50e63d1e7b771"},
    {file = "kiwisolver-1.4.9-pp310-pypy310_pp73-manylinux2014_x86_64.manylinux_2_17_x86_64.whl", hash = "sha256:0a590506f303f512dff6b7f75fd2fd18e16943efee932008fe7140e5fa91d80e"},
    {file = "kiwisolver-1.4.9-pp310-pypy310_pp73-manylinux_2_24_aarch64.manylinux_2_28_aarch64.whl", hash = "sha256:e09c2279a4d01f099f52d5c4b3d9e208e91edcbd1a175c9662a8b16e000fece9"},
    {file = "kiwisolver-1.4.9-pp310-pypy310_pp73-win_amd64.whl", hash = "sha256:c9e7cdf45d594ee04d5be1b24dd9d49f3d1590959b2271fb30b5ca2b262c00fb"},
    {file = "kiwisolver-1.4.9-pp311-pypy311_pp73-macosx_10_15_x86_64.whl", hash = "sha256:720e05574713db64c356e86732c0f3c5252818d05f9df320f0ad8380641acea5"},
    {file = "kiwisolver-1.4.9-pp311-pypy311_pp73-macosx_11_0_arm64.whl", hash = "sha256:17680d737d5335b552994a2008fab4c851bcd7de33094a82067ef3a576ff02fa"},
    {file = "kiwisolver-1.4.9-pp311-pypy311_pp73-manylinux2014_x86_64.manylinux_2_17_x86_64.whl", hash = "sha256:85b5352f94e490c028926ea567fc569c52ec79ce131dadb968d3853e809518c2"},
    {file = "kiwisolver-1.4.9-pp311-pypy311_pp73-manylinux_2_24_aarch64.manylinux_2_28_aarch64.whl", hash = "sha256:464415881e4801295659462c49461a24fb107c140de781d55518c4b80cb6790f"},
    {file = "kiwisolver-1.4.9-pp311-pypy311_pp73-win_amd64.whl", hash = "sha256:fb940820c63a9590d31d88b815e7a3aa5915cad3ce735ab45f0c730b39547de1"},
    {file = "kiwisolver-1.4.9.tar.gz", hash = "sha256:c3b22c26c6fd6811b0ae8363b95ca8ce4ea3c202d3d0975b2914310ceb1bcc4d"},
]

[[package]]
name = "matplotlib"
version = "3.10.6"
description = "Python plotting package"
optional = false
python-versions = ">=3.10"
groups = ["main"]
files = [
    {file = "matplotlib-3.10.6-cp310-cp310-macosx_10_12_x86_64.whl", hash = "sha256:bc7316c306d97463a9866b89d5cc217824e799fa0de346c8f68f4f3d27c8693d"},
    {file = "matplotlib-3.10.6-cp310-cp310-macosx_11_0_arm64.whl", hash = "sha256:d00932b0d160ef03f59f9c0e16d1e3ac89646f7785165ce6ad40c842db16cc2e"},
    {file = "matplotlib-3.10.6-cp310-cp310-manylinux2014_x86_64.manylinux_2_17_x86_64.whl", hash = "sha256:8fa4c43d6bfdbfec09c733bca8667de11bfa4970e8324c471f3a3632a0301c15"},
    {file = "matplotlib-3.10.6-cp310-cp310-manylinux_2_27_aarch64.manylinux_2_28_aarch64.whl", hash = "sha256:ea117a9c1627acaa04dbf36265691921b999cbf515a015298e54e1a12c3af837"},
    {file = "matplotlib-3.10.6-cp310-cp310-musllinux_1_2_x86_64.whl", hash = "sha256:08fc803293b4e1694ee325896030de97f74c141ccff0be886bb5915269247676"},
    {file = "matplotlib-3.10.6-cp310-cp310-win_amd64.whl", hash = "sha256:2adf92d9b7527fbfb8818e050260f0ebaa460f79d61546374ce73506c9421d09"},
    {file = "matplotlib-3.10.6-cp311-cp311-macosx_10_12_x86_64.whl", hash = "sha256:905b60d1cb0ee604ce65b297b61cf8be9f4e6cfecf95a3fe1c388b5266bc8f4f"},
    {file = "matplotlib-3.10.6-cp311-cp311-macosx_11_0_arm64.whl", hash = "sha256:7bac38d816637343e53d7185d0c66677ff30ffb131044a81898b5792c956ba76"},
    {file = "matplotlib-3.10.6-cp311-cp311-manylinux2014_x86_64.manylinux_2_17_x86_64.whl", hash = "sha256:942a8de2b5bfff1de31d95722f702e2966b8a7e31f4e68f7cd963c7cd8861cf6"},
    {file = "matplotlib-3.10.6-cp311-cp311-manylinux_2_27_aarch64.manylinux_2_28_aarch64.whl", hash = "sha256:a3276c85370bc0dfca051ec65c5817d1e0f8f5ce1b7787528ec8ed2d524bbc2f"},
    {file = "matplotlib-3.10.6-cp311-cp311-musllinux_1_2_x86_64.whl", hash = "sha256:9df5851b219225731f564e4b9e7f2ac1e13c9e6481f941b5631a0f8e2d9387ce"},
    {file = "matplotlib-3.10.6-cp311-cp311-win_amd64.whl", hash = "sha256:abb5d9478625dd9c9eb51a06d39aae71eda749ae9b3138afb23eb38824026c7e"},
    {file = "matplotlib-3.10.6-cp311-cp311-win_arm64.whl", hash = "sha256:886f989ccfae63659183173bb3fced7fd65e9eb793c3cc21c273add368536951"},
    {file = "matplotlib-3.10.6-cp312-cp312-macosx_10_13_x86_64.whl", hash = "sha256:31ca662df6a80bd426f871105fdd69db7543e28e73a9f2afe80de7e531eb2347"},
    {file = "matplotlib-3.10.6-cp312-cp312-macosx_11_0_arm64.whl", hash = "sha256:1678bb61d897bb4ac4757b5ecfb02bfb3fddf7f808000fb81e09c510712fda75"},
    {file = "matplotlib-3.10.6-cp312-cp312-manylinux2014_x86_64.manylinux_2_17_x86_64.whl", hash = "sha256:56cd2d20842f58c03d2d6e6c1f1cf5548ad6f66b91e1e48f814e4fb5abd1cb95"},
    {file = "matplotlib-3.10.6-cp312-cp312-manylinux_2_27_aarch64.manylinux_2_28_aarch64.whl", hash = "sha256:662df55604a2f9a45435566d6e2660e41efe83cd94f4288dfbf1e6d1eae4b0bb"},
    {file = "matplotlib-3.10.6-cp312-cp312-musllinux_1_2_x86_64.whl", hash = "sha256:08f141d55148cd1fc870c3387d70ca4df16dee10e909b3b038782bd4bda6ea07"},
    {file = "matplotlib-3.10.6-cp312-cp312-win_amd64.whl", hash = "sha256:590f5925c2d650b5c9d813c5b3b5fc53f2929c3f8ef463e4ecfa7e052044fb2b"},
    {file = "matplotlib-3.10.6-cp312-cp312-win_arm64.whl", hash = "sha256:f44c8d264a71609c79a78d50349e724f5d5fc3684ead7c2a473665ee63d868aa"},
    {file = "matplotlib-3.10.6-cp313-cp313-macosx_10_13_x86_64.whl", hash = "sha256:819e409653c1106c8deaf62e6de6b8611449c2cd9939acb0d7d4e57a3d95cc7a"},
    {file = "matplotlib-3.10.6-cp313-cp313-macosx_11_0_arm64.whl", hash = "sha256:59c8ac8382fefb9cb71308dde16a7c487432f5255d8f1fd32473523abecfecdf"},
    {file = "matplotlib-3.10.6-cp313-cp313-manylinux2014_x86_64.manylinux_2_17_x86_64.whl", hash = "sha256:84e82d9e0fd70c70bc55739defbd8055c54300750cbacf4740c9673a24d6933a"},
    {file = "matplotlib-3.10.6-cp313-cp313-manylinux_2_27_aarch64.manylinux_2_28_aarch64.whl", hash = "sha256:25f7a3eb42d6c1c56e89eacd495661fc815ffc08d9da750bca766771c0fd9110"},
    {file = "matplotlib-3.10.6-cp313-cp313-musllinux_1_2_x86_64.whl", hash = "sha256:f9c862d91ec0b7842920a4cfdaaec29662195301914ea54c33e01f1a28d014b2"},
    {file = "matplotlib-3.10.6-cp313-cp313-win_amd64.whl", hash = "sha256:1b53bd6337eba483e2e7d29c5ab10eee644bc3a2491ec67cc55f7b44583ffb18"},
    {file = "matplotlib-3.10.6-cp313-cp313-win_arm64.whl", hash = "sha256:cbd5eb50b7058b2892ce45c2f4e92557f395c9991f5c886d1bb74a1582e70fd6"},
    {file = "matplotlib-3.10.6-cp313-cp313t-macosx_10_13_x86_64.whl", hash = "sha256:acc86dd6e0e695c095001a7fccff158c49e45e0758fdf5dcdbb0103318b59c9f"},
    {file = "matplotlib-3.10.6-cp313-cp313t-macosx_11_0_arm64.whl", hash = "sha256:e228cd2ffb8f88b7d0b29e37f68ca9aaf83e33821f24a5ccc4f082dd8396bc27"},
    {file = "matplotlib-3.10.6-cp313-cp313t-manylinux2014_x86_64.manylinux_2_17_x86_64.whl", hash = "sha256:658bc91894adeab669cf4bb4a186d049948262987e80f0857216387d7435d833"},
    {file = "matplotlib-3.10.6-cp313-cp313t-manylinux_2_27_aarch64.manylinux_2_28_aarch64.whl", hash = "sha256:8913b7474f6dd83ac444c9459c91f7f0f2859e839f41d642691b104e0af056aa"},
    {file = "matplotlib-3.10.6-cp313-cp313t-musllinux_1_2_x86_64.whl", hash = "sha256:091cea22e059b89f6d7d1a18e2c33a7376c26eee60e401d92a4d6726c4e12706"},
    {file = "matplotlib-3.10.6-cp313-cp313t-win_amd64.whl", hash = "sha256:491e25e02a23d7207629d942c666924a6b61e007a48177fdd231a0097b7f507e"},
    {file = "matplotlib-3.10.6-cp313-cp313t-win_arm64.whl", hash = "sha256:3d80d60d4e54cda462e2cd9a086d85cd9f20943ead92f575ce86885a43a565d5"},
    {file = "matplotlib-3.10.6-cp314-cp314-macosx_10_13_x86_64.whl", hash = "sha256:70aaf890ce1d0efd482df969b28a5b30ea0b891224bb315810a3940f67182899"},
    {file = "matplotlib-3.10.6-cp314-cp314-macosx_11_0_arm64.whl", hash = "sha256:1565aae810ab79cb72e402b22facfa6501365e73ebab70a0fdfb98488d2c3c0c"},
    {file = "matplotlib-3.10.6-cp314-cp314-manylinux_2_27_aarch64.manylinux_2_28_aarch64.whl", hash = "sha256:f3b23315a01981689aa4e1a179dbf6ef9fbd17143c3eea77548c2ecfb0499438"},
    {file = "matplotlib-3.10.6-cp314-cp314-manylinux_2_27_x86_64.manylinux_2_28_x86_64.whl", hash = "sha256:30fdd37edf41a4e6785f9b37969de57aea770696cb637d9946eb37470c94a453"},
    {file = "matplotlib-3.10.6-cp314-cp314-musllinux_1_2_x86_64.whl", hash = "sha256:bc31e693da1c08012c764b053e702c1855378e04102238e6a5ee6a7117c53a47"},
    {file = "matplotlib-3.10.6-cp314-cp314-win_amd64.whl", hash = "sha256:05be9bdaa8b242bc6ff96330d18c52f1fc59c6fb3a4dd411d953d67e7e1baf98"},
    {file = "matplotlib-3.10.6-cp314-cp314-win_arm64.whl", hash = "sha256:f56a0d1ab05d34c628592435781d185cd99630bdfd76822cd686fb5a0aecd43a"},
    {file = "matplotlib-3.10.6-cp314-cp314t-macosx_10_13_x86_64.whl", hash = "sha256:94f0b4cacb23763b64b5dace50d5b7bfe98710fed5f0cef5c08135a03399d98b"},
    {file = "matplotlib-3.10.6-cp314-cp314t-macosx_11_0_arm64.whl", hash = "sha256:cc332891306b9fb39462673d8225d1b824c89783fee82840a709f96714f17a5c"},
    {file = "matplotlib-3.10.6-cp314-cp314t-manylinux_2_27_aarch64.manylinux_2_28_aarch64.whl", hash = "sha256:ee1d607b3fb1590deb04b69f02ea1d53ed0b0bf75b2b1a5745f269afcbd3cdd3"},
    {file = "matplotlib-3.10.6-cp314-cp314t-manylinux_2_27_x86_64.manylinux_2_28_x86_64.whl", hash = "sha256:376a624a218116461696b27b2bbf7a8945053e6d799f6502fc03226d077807bf"},
    {file = "matplotlib-3.10.6-cp314-cp314t-musllinux_1_2_x86_64.whl", hash = "sha256:83847b47f6524c34b4f2d3ce726bb0541c48c8e7692729865c3df75bfa0f495a"},
    {file = "matplotlib-3.10.6-cp314-cp314t-win_amd64.whl", hash = "sha256:c7e0518e0d223683532a07f4b512e2e0729b62674f1b3a1a69869f98e6b1c7e3"},
    {file = "matplotlib-3.10.6-cp314-cp314t-win_arm64.whl", hash = "sha256:4dd83e029f5b4801eeb87c64efd80e732452781c16a9cf7415b7b63ec8f374d7"},
    {file = "matplotlib-3.10.6-pp310-pypy310_pp73-macosx_10_15_x86_64.whl", hash = "sha256:13fcd07ccf17e354398358e0307a1f53f5325dca22982556ddb9c52837b5af41"},
    {file = "matplotlib-3.10.6-pp310-pypy310_pp73-macosx_11_0_arm64.whl", hash = "sha256:470fc846d59d1406e34fa4c32ba371039cd12c2fe86801159a965956f2575bd1"},
    {file = "matplotlib-3.10.6-pp310-pypy310_pp73-manylinux2014_x86_64.manylinux_2_17_x86_64.whl", hash = "sha256:f7173f8551b88f4ef810a94adae3128c2530e0d07529f7141be7f8d8c365f051"},
    {file = "matplotlib-3.10.6-pp311-pypy311_pp73-macosx_10_15_x86_64.whl", hash = "sha256:f2d684c3204fa62421bbf770ddfebc6b50130f9cad65531eeba19236d73bb488"},
    {file = "matplotlib-3.10.6-pp311-pypy311_pp73-macosx_11_0_arm64.whl", hash = "sha256:6f4a69196e663a41d12a728fab8751177215357906436804217d6d9cf0d4d6cf"},
    {file = "matplotlib-3.10.6-pp311-pypy311_pp73-manylinux2014_x86_64.manylinux_2_17_x86_64.whl", hash = "sha256:4d6ca6ef03dfd269f4ead566ec6f3fb9becf8dab146fb999022ed85ee9f6b3eb"},
    {file = "matplotlib-3.10.6.tar.gz", hash = "sha256:ec01b645840dd1996df21ee37f208cd8ba57644779fa20464010638013d3203c"},
]

[package.dependencies]
contourpy = ">=1.0.1"
cycler = ">=0.10"
fonttools = ">=4.22.0"
kiwisolver = ">=1.3.1"
numpy = ">=1.23"
packaging = ">=20.0"
pillow = ">=8"
pyparsing = ">=2.3.1"
python-dateutil = ">=2.7"

[package.extras]
dev = ["meson-python (>=0.13.1,<0.17.0)", "pybind11 (>=2.13.2,!=2.13.3)", "setuptools (>=64)", "setuptools_scm (>=7)"]

[[package]]
name = "matplotlib-inline"
version = "0.1.7"
description = "Inline Matplotlib backend for Jupyter"
optional = false
python-versions = ">=3.8"
groups = ["dev"]
files = [
    {file = "matplotlib_inline-0.1.7-py3-none-any.whl", hash = "sha256:df192d39a4ff8f21b1895d72e6a13f5fcc5099f00fa84384e0ea28c2cc0653ca"},
    {file = "matplotlib_inline-0.1.7.tar.gz", hash = "sha256:8423b23ec666be3d16e16b60bdd8ac4e86e840ebd1dd11a30b9f117f2fa0ab90"},
]

[package.dependencies]
traitlets = "*"

[[package]]
name = "nest-asyncio"
version = "1.6.0"
description = "Patch asyncio to allow nested event loops"
optional = false
python-versions = ">=3.5"
groups = ["dev"]
files = [
    {file = "nest_asyncio-1.6.0-py3-none-any.whl", hash = "sha256:87af6efd6b5e897c81050477ef65c62e2b2f35d51703cae01aff2905b1852e1c"},
    {file = "nest_asyncio-1.6.0.tar.gz", hash = "sha256:6f172d5449aca15afd6c646851f4e31e02c598d553a667e38cafa997cfec55fe"},
]

[[package]]
name = "numpy"
version = "2.3.2"
description = "Fundamental package for array computing in Python"
optional = false
python-versions = ">=3.11"
groups = ["main"]
files = [
    {file = "numpy-2.3.2-cp311-cp311-macosx_10_9_x86_64.whl", hash = "sha256:852ae5bed3478b92f093e30f785c98e0cb62fa0a939ed057c31716e18a7a22b9"},
    {file = "numpy-2.3.2-cp311-cp311-macosx_11_0_arm64.whl", hash = "sha256:7a0e27186e781a69959d0230dd9909b5e26024f8da10683bd6344baea1885168"},
    {file = "numpy-2.3.2-cp311-cp311-macosx_14_0_arm64.whl", hash = "sha256:f0a1a8476ad77a228e41619af2fa9505cf69df928e9aaa165746584ea17fed2b"},
    {file = "numpy-2.3.2-cp311-cp311-macosx_14_0_x86_64.whl", hash = "sha256:cbc95b3813920145032412f7e33d12080f11dc776262df1712e1638207dde9e8"},
    {file = "numpy-2.3.2-cp311-cp311-manylinux_2_27_aarch64.manylinux_2_28_aarch64.whl", hash = "sha256:f75018be4980a7324edc5930fe39aa391d5734531b1926968605416ff58c332d"},
    {file = "numpy-2.3.2-cp311-cp311-manylinux_2_27_x86_64.manylinux_2_28_x86_64.whl", hash = "sha256:20b8200721840f5621b7bd03f8dcd78de33ec522fc40dc2641aa09537df010c3"},
    {file = "numpy-2.3.2-cp311-cp311-musllinux_1_2_aarch64.whl", hash = "sha256:1f91e5c028504660d606340a084db4b216567ded1056ea2b4be4f9d10b67197f"},
    {file = "numpy-2.3.2-cp311-cp311-musllinux_1_2_x86_64.whl", hash = "sha256:fb1752a3bb9a3ad2d6b090b88a9a0ae1cd6f004ef95f75825e2f382c183b2097"},
    {file = "numpy-2.3.2-cp311-cp311-win32.whl", hash = "sha256:4ae6863868aaee2f57503c7a5052b3a2807cf7a3914475e637a0ecd366ced220"},
    {file = "numpy-2.3.2-cp311-cp311-win_amd64.whl", hash = "sha256:240259d6564f1c65424bcd10f435145a7644a65a6811cfc3201c4a429ba79170"},
    {file = "numpy-2.3.2-cp311-cp311-win_arm64.whl", hash = "sha256:4209f874d45f921bde2cff1ffcd8a3695f545ad2ffbef6d3d3c6768162efab89"},
    {file = "numpy-2.3.2-cp312-cp312-macosx_10_13_x86_64.whl", hash = "sha256:bc3186bea41fae9d8e90c2b4fb5f0a1f5a690682da79b92574d63f56b529080b"},
    {file = "numpy-2.3.2-cp312-cp312-macosx_11_0_arm64.whl", hash = "sha256:2f4f0215edb189048a3c03bd5b19345bdfa7b45a7a6f72ae5945d2a28272727f"},
    {file = "numpy-2.3.2-cp312-cp312-macosx_14_0_arm64.whl", hash = "sha256:8b1224a734cd509f70816455c3cffe13a4f599b1bf7130f913ba0e2c0b2006c0"},
    {file = "numpy-2.3.2-cp312-cp312-macosx_14_0_x86_64.whl", hash = "sha256:3dcf02866b977a38ba3ec10215220609ab9667378a9e2150615673f3ffd6c73b"},
    {file = "numpy-2.3.2-cp312-cp312-manylinux_2_27_aarch64.manylinux_2_28_aarch64.whl", hash = "sha256:572d5512df5470f50ada8d1972c5f1082d9a0b7aa5944db8084077570cf98370"},
    {file = "numpy-2.3.2-cp312-cp312-manylinux_2_27_x86_64.manylinux_2_28_x86_64.whl", hash = "sha256:8145dd6d10df13c559d1e4314df29695613575183fa2e2d11fac4c208c8a1f73"},
    {file = "numpy-2.3.2-cp312-cp312-musllinux_1_2_aarch64.whl", hash = "sha256:103ea7063fa624af04a791c39f97070bf93b96d7af7eb23530cd087dc8dbe9dc"},
    {file = "numpy-2.3.2-cp312-cp312-musllinux_1_2_x86_64.whl", hash = "sha256:fc927d7f289d14f5e037be917539620603294454130b6de200091e23d27dc9be"},
    {file = "numpy-2.3.2-cp312-cp312-win32.whl", hash = "sha256:d95f59afe7f808c103be692175008bab926b59309ade3e6d25009e9a171f7036"},
    {file = "numpy-2.3.2-cp312-cp312-win_amd64.whl", hash = "sha256:9e196ade2400c0c737d93465327d1ae7c06c7cb8a1756121ebf54b06ca183c7f"},
    {file = "numpy-2.3.2-cp312-cp312-win_arm64.whl", hash = "sha256:ee807923782faaf60d0d7331f5e86da7d5e3079e28b291973c545476c2b00d07"},
    {file = "numpy-2.3.2-cp313-cp313-macosx_10_13_x86_64.whl", hash = "sha256:c8d9727f5316a256425892b043736d63e89ed15bbfe6556c5ff4d9d4448ff3b3"},
    {file = "numpy-2.3.2-cp313-cp313-macosx_11_0_arm64.whl", hash = "sha256:efc81393f25f14d11c9d161e46e6ee348637c0a1e8a54bf9dedc472a3fae993b"},
    {file = "numpy-2.3.2-cp313-cp313-macosx_14_0_arm64.whl", hash = "sha256:dd937f088a2df683cbb79dda9a772b62a3e5a8a7e76690612c2737f38c6ef1b6"},
    {file = "numpy-2.3.2-cp313-cp313-macosx_14_0_x86_64.whl", hash = "sha256:11e58218c0c46c80509186e460d79fbdc9ca1eb8d8aee39d8f2dc768eb781089"},
    {file = "numpy-2.3.2-cp313-cp313-manylinux_2_27_aarch64.manylinux_2_28_aarch64.whl", hash = "sha256:5ad4ebcb683a1f99f4f392cc522ee20a18b2bb12a2c1c42c3d48d5a1adc9d3d2"},
    {file = "numpy-2.3.2-cp313-cp313-manylinux_2_27_x86_64.manylinux_2_28_x86_64.whl", hash = "sha256:938065908d1d869c7d75d8ec45f735a034771c6ea07088867f713d1cd3bbbe4f"},
    {file = "numpy-2.3.2-cp313-cp313-musllinux_1_2_aarch64.whl", hash = "sha256:66459dccc65d8ec98cc7df61307b64bf9e08101f9598755d42d8ae65d9a7a6ee"},
    {file = "numpy-2.3.2-cp313-cp313-musllinux_1_2_x86_64.whl", hash = "sha256:a7af9ed2aa9ec5950daf05bb11abc4076a108bd3c7db9aa7251d5f107079b6a6"},
    {file = "numpy-2.3.2-cp313-cp313-win32.whl", hash = "sha256:906a30249315f9c8e17b085cc5f87d3f369b35fedd0051d4a84686967bdbbd0b"},
    {file = "numpy-2.3.2-cp313-cp313-win_amd64.whl", hash = "sha256:c63d95dc9d67b676e9108fe0d2182987ccb0f11933c1e8959f42fa0da8d4fa56"},
    {file = "numpy-2.3.2-cp313-cp313-win_arm64.whl", hash = "sha256:b05a89f2fb84d21235f93de47129dd4f11c16f64c87c33f5e284e6a3a54e43f2"},
    {file = "numpy-2.3.2-cp313-cp313t-macosx_10_13_x86_64.whl", hash = "sha256:4e6ecfeddfa83b02318f4d84acf15fbdbf9ded18e46989a15a8b6995dfbf85ab"},
    {file = "numpy-2.3.2-cp313-cp313t-macosx_11_0_arm64.whl", hash = "sha256:508b0eada3eded10a3b55725b40806a4b855961040180028f52580c4729916a2"},
    {file = "numpy-2.3.2-cp313-cp313t-macosx_14_0_arm64.whl", hash = "sha256:754d6755d9a7588bdc6ac47dc4ee97867271b17cee39cb87aef079574366db0a"},
    {file = "numpy-2.3.2-cp313-cp313t-macosx_14_0_x86_64.whl", hash = "sha256:a9f66e7d2b2d7712410d3bc5684149040ef5f19856f20277cd17ea83e5006286"},
    {file = "numpy-2.3.2-cp313-cp313t-manylinux_2_27_aarch64.manylinux_2_28_aarch64.whl", hash = "sha256:de6ea4e5a65d5a90c7d286ddff2b87f3f4ad61faa3db8dabe936b34c2275b6f8"},
    {file = "numpy-2.3.2-cp313-cp313t-manylinux_2_27_x86_64.manylinux_2_28_x86_64.whl", hash = "sha256:a3ef07ec8cbc8fc9e369c8dcd52019510c12da4de81367d8b20bc692aa07573a"},
    {file = "numpy-2.3.2-cp313-cp313t-musllinux_1_2_aarch64.whl", hash = "sha256:27c9f90e7481275c7800dc9c24b7cc40ace3fdb970ae4d21eaff983a32f70c91"},
    {file = "numpy-2.3.2-cp313-cp313t-musllinux_1_2_x86_64.whl", hash = "sha256:07b62978075b67eee4065b166d000d457c82a1efe726cce608b9db9dd66a73a5"},
    {file = "numpy-2.3.2-cp313-cp313t-win32.whl", hash = "sha256:c771cfac34a4f2c0de8e8c97312d07d64fd8f8ed45bc9f5726a7e947270152b5"},
    {file = "numpy-2.3.2-cp313-cp313t-win_amd64.whl", hash = "sha256:72dbebb2dcc8305c431b2836bcc66af967df91be793d63a24e3d9b741374c450"},
    {file = "numpy-2.3.2-cp313-cp313t-win_arm64.whl", hash = "sha256:72c6df2267e926a6d5286b0a6d556ebe49eae261062059317837fda12ddf0c1a"},
    {file = "numpy-2.3.2-cp314-cp314-macosx_10_13_x86_64.whl", hash = "sha256:448a66d052d0cf14ce9865d159bfc403282c9bc7bb2a31b03cc18b651eca8b1a"},
    {file = "numpy-2.3.2-cp314-cp314-macosx_11_0_arm64.whl", hash = "sha256:546aaf78e81b4081b2eba1d105c3b34064783027a06b3ab20b6eba21fb64132b"},
    {file = "numpy-2.3.2-cp314-cp314-macosx_14_0_arm64.whl", hash = "sha256:87c930d52f45df092f7578889711a0768094debf73cfcde105e2d66954358125"},
    {file = "numpy-2.3.2-cp314-cp314-macosx_14_0_x86_64.whl", hash = "sha256:8dc082ea901a62edb8f59713c6a7e28a85daddcb67454c839de57656478f5b19"},
    {file = "numpy-2.3.2-cp314-cp314-manylinux_2_27_aarch64.manylinux_2_28_aarch64.whl", hash = "sha256:af58de8745f7fa9ca1c0c7c943616c6fe28e75d0c81f5c295810e3c83b5be92f"},
    {file = "numpy-2.3.2-cp314-cp314-manylinux_2_27_x86_64.manylinux_2_28_x86_64.whl", hash = "sha256:fed5527c4cf10f16c6d0b6bee1f89958bccb0ad2522c8cadc2efd318bcd545f5"},
    {file = "numpy-2.3.2-cp314-cp314-musllinux_1_2_aarch64.whl", hash = "sha256:095737ed986e00393ec18ec0b21b47c22889ae4b0cd2d5e88342e08b01141f58"},
    {file = "numpy-2.3.2-cp314-cp314-musllinux_1_2_x86_64.whl", hash = "sha256:b5e40e80299607f597e1a8a247ff8d71d79c5b52baa11cc1cce30aa92d2da6e0"},
    {file = "numpy-2.3.2-cp314-cp314-win32.whl", hash = "sha256:7d6e390423cc1f76e1b8108c9b6889d20a7a1f59d9a60cac4a050fa734d6c1e2"},
    {file = "numpy-2.3.2-cp314-cp314-win_amd64.whl", hash = "sha256:b9d0878b21e3918d76d2209c924ebb272340da1fb51abc00f986c258cd5e957b"},
    {file = "numpy-2.3.2-cp314-cp314-win_arm64.whl", hash = "sha256:2738534837c6a1d0c39340a190177d7d66fdf432894f469728da901f8f6dc910"},
    {file = "numpy-2.3.2-cp314-cp314t-macosx_10_13_x86_64.whl", hash = "sha256:4d002ecf7c9b53240be3bb69d80f86ddbd34078bae04d87be81c1f58466f264e"},
    {file = "numpy-2.3.2-cp314-cp314t-macosx_11_0_arm64.whl", hash = "sha256:293b2192c6bcce487dbc6326de5853787f870aeb6c43f8f9c6496db5b1781e45"},
    {file = "numpy-2.3.2-cp314-cp314t-macosx_14_0_arm64.whl", hash = "sha256:0a4f2021a6da53a0d580d6ef5db29947025ae8b35b3250141805ea9a32bbe86b"},
    {file = "numpy-2.3.2-cp314-cp314t-macosx_14_0_x86_64.whl", hash = "sha256:9c144440db4bf3bb6372d2c3e49834cc0ff7bb4c24975ab33e01199e645416f2"},
    {file = "numpy-2.3.2-cp314-cp314t-manylinux_2_27_aarch64.manylinux_2_28_aarch64.whl", hash = "sha256:f92d6c2a8535dc4fe4419562294ff957f83a16ebdec66df0805e473ffaad8bd0"},
    {file = "numpy-2.3.2-cp314-cp314t-manylinux_2_27_x86_64.manylinux_2_28_x86_64.whl", hash = "sha256:cefc2219baa48e468e3db7e706305fcd0c095534a192a08f31e98d83a7d45fb0"},
    {file = "numpy-2.3.2-cp314-cp314t-musllinux_1_2_aarch64.whl", hash = "sha256:76c3e9501ceb50b2ff3824c3589d5d1ab4ac857b0ee3f8f49629d0de55ecf7c2"},
    {file = "numpy-2.3.2-cp314-cp314t-musllinux_1_2_x86_64.whl", hash = "sha256:122bf5ed9a0221b3419672493878ba4967121514b1d7d4656a7580cd11dddcbf"},
    {file = "numpy-2.3.2-cp314-cp314t-win32.whl", hash = "sha256:6f1ae3dcb840edccc45af496f312528c15b1f79ac318169d094e85e4bb35fdf1"},
    {file = "numpy-2.3.2-cp314-cp314t-win_amd64.whl", hash = "sha256:087ffc25890d89a43536f75c5fe8770922008758e8eeeef61733957041ed2f9b"},
    {file = "numpy-2.3.2-cp314-cp314t-win_arm64.whl", hash = "sha256:092aeb3449833ea9c0bf0089d70c29ae480685dd2377ec9cdbbb620257f84631"},
    {file = "numpy-2.3.2-pp311-pypy311_pp73-macosx_10_15_x86_64.whl", hash = "sha256:14a91ebac98813a49bc6aa1a0dfc09513dcec1d97eaf31ca21a87221a1cdcb15"},
    {file = "numpy-2.3.2-pp311-pypy311_pp73-macosx_11_0_arm64.whl", hash = "sha256:71669b5daae692189540cffc4c439468d35a3f84f0c88b078ecd94337f6cb0ec"},
    {file = "numpy-2.3.2-pp311-pypy311_pp73-macosx_14_0_arm64.whl", hash = "sha256:69779198d9caee6e547adb933941ed7520f896fd9656834c300bdf4dd8642712"},
    {file = "numpy-2.3.2-pp311-pypy311_pp73-macosx_14_0_x86_64.whl", hash = "sha256:2c3271cc4097beb5a60f010bcc1cc204b300bb3eafb4399376418a83a1c6373c"},
    {file = "numpy-2.3.2-pp311-pypy311_pp73-manylinux_2_27_aarch64.manylinux_2_28_aarch64.whl", hash = "sha256:8446acd11fe3dc1830568c941d44449fd5cb83068e5c70bd5a470d323d448296"},
    {file = "numpy-2.3.2-pp311-pypy311_pp73-manylinux_2_27_x86_64.manylinux_2_28_x86_64.whl", hash = "sha256:aa098a5ab53fa407fded5870865c6275a5cd4101cfdef8d6fafc48286a96e981"},
    {file = "numpy-2.3.2-pp311-pypy311_pp73-win_amd64.whl", hash = "sha256:6936aff90dda378c09bea075af0d9c675fe3a977a9d2402f95a87f440f59f619"},
    {file = "numpy-2.3.2.tar.gz", hash = "sha256:e0486a11ec30cdecb53f184d496d1c6a20786c81e55e41640270130056f8ee48"},
]

[[package]]
name = "packaging"
version = "25.0"
description = "Core utilities for Python packages"
optional = false
python-versions = ">=3.8"
groups = ["main", "dev"]
files = [
    {file = "packaging-25.0-py3-none-any.whl", hash = "sha256:29572ef2b1f17581046b3a2227d5c611fb25ec70ca1ba8554b24b0e69331a484"},
    {file = "packaging-25.0.tar.gz", hash = "sha256:d443872c98d677bf60f6a1f2f8c1cb748e8fe762d2bf9d3148b5599295b0fc4f"},
]

[[package]]
name = "pandas"
version = "2.3.2"
description = "Powerful data structures for data analysis, time series, and statistics"
optional = false
python-versions = ">=3.9"
groups = ["main"]
files = [
    {file = "pandas-2.3.2-cp310-cp310-macosx_10_9_x86_64.whl", hash = "sha256:52bc29a946304c360561974c6542d1dd628ddafa69134a7131fdfd6a5d7a1a35"},
    {file = "pandas-2.3.2-cp310-cp310-macosx_11_0_arm64.whl", hash = "sha256:220cc5c35ffaa764dd5bb17cf42df283b5cb7fdf49e10a7b053a06c9cb48ee2b"},
    {file = "pandas-2.3.2-cp310-cp310-manylinux_2_17_aarch64.manylinux2014_aarch64.whl", hash = "sha256:42c05e15111221384019897df20c6fe893b2f697d03c811ee67ec9e0bb5a3424"},
    {file = "pandas-2.3.2-cp310-cp310-manylinux_2_17_x86_64.manylinux2014_x86_64.whl", hash = "sha256:cc03acc273c5515ab69f898df99d9d4f12c4d70dbfc24c3acc6203751d0804cf"},
    {file = "pandas-2.3.2-cp310-cp310-musllinux_1_2_aarch64.whl", hash = "sha256:d25c20a03e8870f6339bcf67281b946bd20b86f1a544ebbebb87e66a8d642cba"},
    {file = "pandas-2.3.2-cp310-cp310-musllinux_1_2_x86_64.whl", hash = "sha256:21bb612d148bb5860b7eb2c10faacf1a810799245afd342cf297d7551513fbb6"},
    {file = "pandas-2.3.2-cp310-cp310-win_amd64.whl", hash = "sha256:b62d586eb25cb8cb70a5746a378fc3194cb7f11ea77170d59f889f5dfe3cec7a"},
    {file = "pandas-2.3.2-cp311-cp311-macosx_10_9_x86_64.whl", hash = "sha256:1333e9c299adcbb68ee89a9bb568fc3f20f9cbb419f1dd5225071e6cddb2a743"},
    {file = "pandas-2.3.2-cp311-cp311-macosx_11_0_arm64.whl", hash = "sha256:76972bcbd7de8e91ad5f0ca884a9f2c477a2125354af624e022c49e5bd0dfff4"},
    {file = "pandas-2.3.2-cp311-cp311-manylinux_2_17_aarch64.manylinux2014_aarch64.whl", hash = "sha256:b98bdd7c456a05eef7cd21fd6b29e3ca243591fe531c62be94a2cc987efb5ac2"},
    {file = "pandas-2.3.2-cp311-cp311-manylinux_2_17_x86_64.manylinux2014_x86_64.whl", hash = "sha256:1d81573b3f7db40d020983f78721e9bfc425f411e616ef019a10ebf597aedb2e"},
    {file = "pandas-2.3.2-cp311-cp311-musllinux_1_2_aarch64.whl", hash = "sha256:e190b738675a73b581736cc8ec71ae113d6c3768d0bd18bffa5b9a0927b0b6ea"},
    {file = "pandas-2.3.2-cp311-cp311-musllinux_1_2_x86_64.whl", hash = "sha256:c253828cb08f47488d60f43c5fc95114c771bbfff085da54bfc79cb4f9e3a372"},
    {file = "pandas-2.3.2-cp311-cp311-win_amd64.whl", hash = "sha256:9467697b8083f9667b212633ad6aa4ab32436dcbaf4cd57325debb0ddef2012f"},
    {file = "pandas-2.3.2-cp312-cp312-macosx_10_13_x86_64.whl", hash = "sha256:3fbb977f802156e7a3f829e9d1d5398f6192375a3e2d1a9ee0803e35fe70a2b9"},
    {file = "pandas-2.3.2-cp312-cp312-macosx_11_0_arm64.whl", hash = "sha256:1b9b52693123dd234b7c985c68b709b0b009f4521000d0525f2b95c22f15944b"},
    {file = "pandas-2.3.2-cp312-cp312-manylinux_2_17_aarch64.manylinux2014_aarch64.whl", hash = "sha256:0bd281310d4f412733f319a5bc552f86d62cddc5f51d2e392c8787335c994175"},
    {file = "pandas-2.3.2-cp312-cp312-manylinux_2_17_x86_64.manylinux2014_x86_64.whl", hash = "sha256:96d31a6b4354e3b9b8a2c848af75d31da390657e3ac6f30c05c82068b9ed79b9"},
    {file = "pandas-2.3.2-cp312-cp312-musllinux_1_2_aarch64.whl", hash = "sha256:df4df0b9d02bb873a106971bb85d448378ef14b86ba96f035f50bbd3688456b4"},
    {file = "pandas-2.3.2-cp312-cp312-musllinux_1_2_x86_64.whl", hash = "sha256:213a5adf93d020b74327cb2c1b842884dbdd37f895f42dcc2f09d451d949f811"},
    {file = "pandas-2.3.2-cp312-cp312-win_amd64.whl", hash = "sha256:8c13b81a9347eb8c7548f53fd9a4f08d4dfe996836543f805c987bafa03317ae"},
    {file = "pandas-2.3.2-cp313-cp313-macosx_10_13_x86_64.whl", hash = "sha256:0c6ecbac99a354a051ef21c5307601093cb9e0f4b1855984a084bfec9302699e"},
    {file = "pandas-2.3.2-cp313-cp313-macosx_11_0_arm64.whl", hash = "sha256:c6f048aa0fd080d6a06cc7e7537c09b53be6642d330ac6f54a600c3ace857ee9"},
    {file = "pandas-2.3.2-cp313-cp313-manylinux_2_17_aarch64.manylinux2014_aarch64.whl", hash = "sha256:0064187b80a5be6f2f9c9d6bdde29372468751dfa89f4211a3c5871854cfbf7a"},
    {file = "pandas-2.3.2-cp313-cp313-manylinux_2_17_x86_64.manylinux2014_x86_64.whl", hash = "sha256:4ac8c320bded4718b298281339c1a50fb00a6ba78cb2a63521c39bec95b0209b"},
    {file = "pandas-2.3.2-cp313-cp313-musllinux_1_2_aarch64.whl", hash = "sha256:114c2fe4f4328cf98ce5716d1532f3ab79c5919f95a9cfee81d9140064a2e4d6"},
    {file = "pandas-2.3.2-cp313-cp313-musllinux_1_2_x86_64.whl", hash = "sha256:48fa91c4dfb3b2b9bfdb5c24cd3567575f4e13f9636810462ffed8925352be5a"},
    {file = "pandas-2.3.2-cp313-cp313-win_amd64.whl", hash = "sha256:12d039facec710f7ba305786837d0225a3444af7bbd9c15c32ca2d40d157ed8b"},
    {file = "pandas-2.3.2-cp313-cp313t-macosx_10_13_x86_64.whl", hash = "sha256:c624b615ce97864eb588779ed4046186f967374185c047070545253a52ab2d57"},
    {file = "pandas-2.3.2-cp313-cp313t-macosx_11_0_arm64.whl", hash = "sha256:0cee69d583b9b128823d9514171cabb6861e09409af805b54459bd0c821a35c2"},
    {file = "pandas-2.3.2-cp313-cp313t-manylinux_2_17_aarch64.manylinux2014_aarch64.whl", hash = "sha256:2319656ed81124982900b4c37f0e0c58c015af9a7bbc62342ba5ad07ace82ba9"},
    {file = "pandas-2.3.2-cp313-cp313t-manylinux_2_17_x86_64.manylinux2014_x86_64.whl", hash = "sha256:b37205ad6f00d52f16b6d09f406434ba928c1a1966e2771006a9033c736d30d2"},
    {file = "pandas-2.3.2-cp313-cp313t-musllinux_1_2_aarch64.whl", hash = "sha256:837248b4fc3a9b83b9c6214699a13f069dc13510a6a6d7f9ba33145d2841a012"},
    {file = "pandas-2.3.2-cp313-cp313t-musllinux_1_2_x86_64.whl", hash = "sha256:d2c3554bd31b731cd6490d94a28f3abb8dd770634a9e06eb6d2911b9827db370"},
    {file = "pandas-2.3.2-cp39-cp39-macosx_10_9_x86_64.whl", hash = "sha256:88080a0ff8a55eac9c84e3ff3c7665b3b5476c6fbc484775ca1910ce1c3e0b87"},
    {file = "pandas-2.3.2-cp39-cp39-macosx_11_0_arm64.whl", hash = "sha256:d4a558c7620340a0931828d8065688b3cc5b4c8eb674bcaf33d18ff4a6870b4a"},
    {file = "pandas-2.3.2-cp39-cp39-manylinux_2_17_aarch64.manylinux2014_aarch64.whl", hash = "sha256:45178cf09d1858a1509dc73ec261bf5b25a625a389b65be2e47b559905f0ab6a"},
    {file = "pandas-2.3.2-cp39-cp39-manylinux_2_17_x86_64.manylinux2014_x86_64.whl", hash = "sha256:77cefe00e1b210f9c76c697fedd8fdb8d3dd86563e9c8adc9fa72b90f5e9e4c2"},
    {file = "pandas-2.3.2-cp39-cp39-musllinux_1_2_aarch64.whl", hash = "sha256:13bd629c653856f00c53dc495191baa59bcafbbf54860a46ecc50d3a88421a96"},
    {file = "pandas-2.3.2-cp39-cp39-musllinux_1_2_x86_64.whl", hash = "sha256:36d627906fd44b5fd63c943264e11e96e923f8de77d6016dc2f667b9ad193438"},
    {file = "pandas-2.3.2-cp39-cp39-win_amd64.whl", hash = "sha256:a9d7ec92d71a420185dec44909c32e9a362248c4ae2238234b76d5be37f208cc"},
    {file = "pandas-2.3.2.tar.gz", hash = "sha256:ab7b58f8f82706890924ccdfb5f48002b83d2b5a3845976a9fb705d36c34dcdb"},
]

[package.dependencies]
numpy = {version = ">=1.26.0", markers = "python_version >= \"3.12\""}
python-dateutil = ">=2.8.2"
pytz = ">=2020.1"
tzdata = ">=2022.7"

[package.extras]
all = ["PyQt5 (>=5.15.9)", "SQLAlchemy (>=2.0.0)", "adbc-driver-postgresql (>=0.8.0)", "adbc-driver-sqlite (>=0.8.0)", "beautifulsoup4 (>=4.11.2)", "bottleneck (>=1.3.6)", "dataframe-api-compat (>=0.1.7)", "fastparquet (>=2022.12.0)", "fsspec (>=2022.11.0)", "gcsfs (>=2022.11.0)", "html5lib (>=1.1)", "hypothesis (>=6.46.1)", "jinja2 (>=3.1.2)", "lxml (>=4.9.2)", "matplotlib (>=3.6.3)", "numba (>=0.56.4)", "numexpr (>=2.8.4)", "odfpy (>=1.4.1)", "openpyxl (>=3.1.0)", "pandas-gbq (>=0.19.0)", "psycopg2 (>=2.9.6)", "pyarrow (>=10.0.1)", "pymysql (>=1.0.2)", "pyreadstat (>=1.2.0)", "pytest (>=7.3.2)", "pytest-xdist (>=2.2.0)", "python-calamine (>=0.1.7)", "pyxlsb (>=1.0.10)", "qtpy (>=2.3.0)", "s3fs (>=2022.11.0)", "scipy (>=1.10.0)", "tables (>=3.8.0)", "tabulate (>=0.9.0)", "xarray (>=2022.12.0)", "xlrd (>=2.0.1)", "xlsxwriter (>=3.0.5)", "zstandard (>=0.19.0)"]
aws = ["s3fs (>=2022.11.0)"]
clipboard = ["PyQt5 (>=5.15.9)", "qtpy (>=2.3.0)"]
compression = ["zstandard (>=0.19.0)"]
computation = ["scipy (>=1.10.0)", "xarray (>=2022.12.0)"]
consortium-standard = ["dataframe-api-compat (>=0.1.7)"]
excel = ["odfpy (>=1.4.1)", "openpyxl (>=3.1.0)", "python-calamine (>=0.1.7)", "pyxlsb (>=1.0.10)", "xlrd (>=2.0.1)", "xlsxwriter (>=3.0.5)"]
feather = ["pyarrow (>=10.0.1)"]
fss = ["fsspec (>=2022.11.0)"]
gcp = ["gcsfs (>=2022.11.0)", "pandas-gbq (>=0.19.0)"]
hdf5 = ["tables (>=3.8.0)"]
html = ["beautifulsoup4 (>=4.11.2)", "html5lib (>=1.1)", "lxml (>=4.9.2)"]
mysql = ["SQLAlchemy (>=2.0.0)", "pymysql (>=1.0.2)"]
output-formatting = ["jinja2 (>=3.1.2)", "tabulate (>=0.9.0)"]
parquet = ["pyarrow (>=10.0.1)"]
performance = ["bottleneck (>=1.3.6)", "numba (>=0.56.4)", "numexpr (>=2.8.4)"]
plot = ["matplotlib (>=3.6.3)"]
postgresql = ["SQLAlchemy (>=2.0.0)", "adbc-driver-postgresql (>=0.8.0)", "psycopg2 (>=2.9.6)"]
pyarrow = ["pyarrow (>=10.0.1)"]
spss = ["pyreadstat (>=1.2.0)"]
sql-other = ["SQLAlchemy (>=2.0.0)", "adbc-driver-postgresql (>=0.8.0)", "adbc-driver-sqlite (>=0.8.0)"]
test = ["hypothesis (>=6.46.1)", "pytest (>=7.3.2)", "pytest-xdist (>=2.2.0)"]
xml = ["lxml (>=4.9.2)"]

[[package]]
name = "parso"
version = "0.8.5"
description = "A Python Parser"
optional = false
python-versions = ">=3.6"
groups = ["dev"]
files = [
    {file = "parso-0.8.5-py2.py3-none-any.whl", hash = "sha256:646204b5ee239c396d040b90f9e272e9a8017c630092bf59980beb62fd033887"},
    {file = "parso-0.8.5.tar.gz", hash = "sha256:034d7354a9a018bdce352f48b2a8a450f05e9d6ee85db84764e9b6bd96dafe5a"},
]

[package.extras]
qa = ["flake8 (==5.0.4)", "mypy (==0.971)", "types-setuptools (==67.2.0.1)"]
testing = ["docopt", "pytest"]

[[package]]
name = "pexpect"
version = "4.9.0"
description = "Pexpect allows easy control of interactive console applications."
optional = false
python-versions = "*"
groups = ["dev"]
markers = "sys_platform != \"win32\" and sys_platform != \"emscripten\""
files = [
    {file = "pexpect-4.9.0-py2.py3-none-any.whl", hash = "sha256:7236d1e080e4936be2dc3e326cec0af72acf9212a7e1d060210e70a47e253523"},
    {file = "pexpect-4.9.0.tar.gz", hash = "sha256:ee7d41123f3c9911050ea2c2dac107568dc43b2d3b0c7557a33212c398ead30f"},
]

[package.dependencies]
ptyprocess = ">=0.5"

[[package]]
name = "pillow"
version = "11.3.0"
description = "Python Imaging Library (Fork)"
optional = false
python-versions = ">=3.9"
groups = ["main"]
files = [
    {file = "pillow-11.3.0-cp310-cp310-macosx_10_10_x86_64.whl", hash = "sha256:1b9c17fd4ace828b3003dfd1e30bff24863e0eb59b535e8f80194d9cc7ecf860"},
    {file = "pillow-11.3.0-cp310-cp310-macosx_11_0_arm64.whl", hash = "sha256:65dc69160114cdd0ca0f35cb434633c75e8e7fad4cf855177a05bf38678f73ad"},
    {file = "pillow-11.3.0-cp310-cp310-manylinux2014_aarch64.manylinux_2_17_aarch64.whl", hash = "sha256:7107195ddc914f656c7fc8e4a5e1c25f32e9236ea3ea860f257b0436011fddd0"},
    {file = "pillow-11.3.0-cp310-cp310-manylinux2014_x86_64.manylinux_2_17_x86_64.whl", hash = "sha256:cc3e831b563b3114baac7ec2ee86819eb03caa1a2cef0b481a5675b59c4fe23b"},
    {file = "pillow-11.3.0-cp310-cp310-manylinux_2_27_aarch64.manylinux_2_28_aarch64.whl", hash = "sha256:f1f182ebd2303acf8c380a54f615ec883322593320a9b00438eb842c1f37ae50"},
    {file = "pillow-11.3.0-cp310-cp310-manylinux_2_27_x86_64.manylinux_2_28_x86_64.whl", hash = "sha256:4445fa62e15936a028672fd48c4c11a66d641d2c05726c7ec1f8ba6a572036ae"},
    {file = "pillow-11.3.0-cp310-cp310-musllinux_1_2_aarch64.whl", hash = "sha256:71f511f6b3b91dd543282477be45a033e4845a40278fa8dcdbfdb07109bf18f9"},
    {file = "pillow-11.3.0-cp310-cp310-musllinux_1_2_x86_64.whl", hash = "sha256:040a5b691b0713e1f6cbe222e0f4f74cd233421e105850ae3b3c0ceda520f42e"},
    {file = "pillow-11.3.0-cp310-cp310-win32.whl", hash = "sha256:89bd777bc6624fe4115e9fac3352c79ed60f3bb18651420635f26e643e3dd1f6"},
    {file = "pillow-11.3.0-cp310-cp310-win_amd64.whl", hash = "sha256:19d2ff547c75b8e3ff46f4d9ef969a06c30ab2d4263a9e287733aa8b2429ce8f"},
    {file = "pillow-11.3.0-cp310-cp310-win_arm64.whl", hash = "sha256:819931d25e57b513242859ce1876c58c59dc31587847bf74cfe06b2e0cb22d2f"},
    {file = "pillow-11.3.0-cp311-cp311-macosx_10_10_x86_64.whl", hash = "sha256:1cd110edf822773368b396281a2293aeb91c90a2db00d78ea43e7e861631b722"},
    {file = "pillow-11.3.0-cp311-cp311-macosx_11_0_arm64.whl", hash = "sha256:9c412fddd1b77a75aa904615ebaa6001f169b26fd467b4be93aded278266b288"},
    {file = "pillow-11.3.0-cp311-cp311-manylinux2014_aarch64.manylinux_2_17_aarch64.whl", hash = "sha256:7d1aa4de119a0ecac0a34a9c8bde33f34022e2e8f99104e47a3ca392fd60e37d"},
    {file = "pillow-11.3.0-cp311-cp311-manylinux2014_x86_64.manylinux_2_17_x86_64.whl", hash = "sha256:91da1d88226663594e3f6b4b8c3c8d85bd504117d043740a8e0ec449087cc494"},
    {file = "pillow-11.3.0-cp311-cp311-manylinux_2_27_aarch64.manylinux_2_28_aarch64.whl", hash = "sha256:643f189248837533073c405ec2f0bb250ba54598cf80e8c1e043381a60632f58"},
    {file = "pillow-11.3.0-cp311-cp311-manylinux_2_27_x86_64.manylinux_2_28_x86_64.whl", hash = "sha256:106064daa23a745510dabce1d84f29137a37224831d88eb4ce94bb187b1d7e5f"},
    {file = "pillow-11.3.0-cp311-cp311-musllinux_1_2_aarch64.whl", hash = "sha256:cd8ff254faf15591e724dc7c4ddb6bf4793efcbe13802a4ae3e863cd300b493e"},
    {file = "pillow-11.3.0-cp311-cp311-musllinux_1_2_x86_64.whl", hash = "sha256:932c754c2d51ad2b2271fd01c3d121daaa35e27efae2a616f77bf164bc0b3e94"},
    {file = "pillow-11.3.0-cp311-cp311-win32.whl", hash = "sha256:b4b8f3efc8d530a1544e5962bd6b403d5f7fe8b9e08227c6b255f98ad82b4ba0"},
    {file = "pillow-11.3.0-cp311-cp311-win_amd64.whl", hash = "sha256:1a992e86b0dd7aeb1f053cd506508c0999d710a8f07b4c791c63843fc6a807ac"},
    {file = "pillow-11.3.0-cp311-cp311-win_arm64.whl", hash = "sha256:30807c931ff7c095620fe04448e2c2fc673fcbb1ffe2a7da3fb39613489b1ddd"},
    {file = "pillow-11.3.0-cp312-cp312-macosx_10_13_x86_64.whl", hash = "sha256:fdae223722da47b024b867c1ea0be64e0df702c5e0a60e27daad39bf960dd1e4"},
    {file = "pillow-11.3.0-cp312-cp312-macosx_11_0_arm64.whl", hash = "sha256:921bd305b10e82b4d1f5e802b6850677f965d8394203d182f078873851dada69"},
    {file = "pillow-11.3.0-cp312-cp312-manylinux2014_aarch64.manylinux_2_17_aarch64.whl", hash = "sha256:eb76541cba2f958032d79d143b98a3a6b3ea87f0959bbe256c0b5e416599fd5d"},
    {file = "pillow-11.3.0-cp312-cp312-manylinux2014_x86_64.manylinux_2_17_x86_64.whl", hash = "sha256:67172f2944ebba3d4a7b54f2e95c786a3a50c21b88456329314caaa28cda70f6"},
    {file = "pillow-11.3.0-cp312-cp312-manylinux_2_27_aarch64.manylinux_2_28_aarch64.whl", hash = "sha256:97f07ed9f56a3b9b5f49d3661dc9607484e85c67e27f3e8be2c7d28ca032fec7"},
    {file = "pillow-11.3.0-cp312-cp312-manylinux_2_27_x86_64.manylinux_2_28_x86_64.whl", hash = "sha256:676b2815362456b5b3216b4fd5bd89d362100dc6f4945154ff172e206a22c024"},
    {file = "pillow-11.3.0-cp312-cp312-musllinux_1_2_aarch64.whl", hash = "sha256:3e184b2f26ff146363dd07bde8b711833d7b0202e27d13540bfe2e35a323a809"},
    {file = "pillow-11.3.0-cp312-cp312-musllinux_1_2_x86_64.whl", hash = "sha256:6be31e3fc9a621e071bc17bb7de63b85cbe0bfae91bb0363c893cbe67247780d"},
    {file = "pillow-11.3.0-cp312-cp312-win32.whl", hash = "sha256:7b161756381f0918e05e7cb8a371fff367e807770f8fe92ecb20d905d0e1c149"},
    {file = "pillow-11.3.0-cp312-cp312-win_amd64.whl", hash = "sha256:a6444696fce635783440b7f7a9fc24b3ad10a9ea3f0ab66c5905be1c19ccf17d"},
    {file = "pillow-11.3.0-cp312-cp312-win_arm64.whl", hash = "sha256:2aceea54f957dd4448264f9bf40875da0415c83eb85f55069d89c0ed436e3542"},
    {file = "pillow-11.3.0-cp313-cp313-ios_13_0_arm64_iphoneos.whl", hash = "sha256:1c627742b539bba4309df89171356fcb3cc5a9178355b2727d1b74a6cf155fbd"},
    {file = "pillow-11.3.0-cp313-cp313-ios_13_0_arm64_iphonesimulator.whl", hash = "sha256:30b7c02f3899d10f13d7a48163c8969e4e653f8b43416d23d13d1bbfdc93b9f8"},
    {file = "pillow-11.3.0-cp313-cp313-ios_13_0_x86_64_iphonesimulator.whl", hash = "sha256:7859a4cc7c9295f5838015d8cc0a9c215b77e43d07a25e460f35cf516df8626f"},
    {file = "pillow-11.3.0-cp313-cp313-macosx_10_13_x86_64.whl", hash = "sha256:ec1ee50470b0d050984394423d96325b744d55c701a439d2bd66089bff963d3c"},
    {file = "pillow-11.3.0-cp313-cp313-macosx_11_0_arm64.whl", hash = "sha256:7db51d222548ccfd274e4572fdbf3e810a5e66b00608862f947b163e613b67dd"},
    {file = "pillow-11.3.0-cp313-cp313-manylinux2014_aarch64.manylinux_2_17_aarch64.whl", hash = "sha256:2d6fcc902a24ac74495df63faad1884282239265c6839a0a6416d33faedfae7e"},
    {file = "pillow-11.3.0-cp313-cp313-manylinux2014_x86_64.manylinux_2_17_x86_64.whl", hash = "sha256:f0f5d8f4a08090c6d6d578351a2b91acf519a54986c055af27e7a93feae6d3f1"},
    {file = "pillow-11.3.0-cp313-cp313-manylinux_2_27_aarch64.manylinux_2_28_aarch64.whl", hash = "sha256:c37d8ba9411d6003bba9e518db0db0c58a680ab9fe5179f040b0463644bc9805"},
    {file = "pillow-11.3.0-cp313-cp313-manylinux_2_27_x86_64.manylinux_2_28_x86_64.whl", hash = "sha256:13f87d581e71d9189ab21fe0efb5a23e9f28552d5be6979e84001d3b8505abe8"},
    {file = "pillow-11.3.0-cp313-cp313-musllinux_1_2_aarch64.whl", hash = "sha256:023f6d2d11784a465f09fd09a34b150ea4672e85fb3d05931d89f373ab14abb2"},
    {file = "pillow-11.3.0-cp313-cp313-musllinux_1_2_x86_64.whl", hash = "sha256:45dfc51ac5975b938e9809451c51734124e73b04d0f0ac621649821a63852e7b"},
    {file = "pillow-11.3.0-cp313-cp313-win32.whl", hash = "sha256:a4d336baed65d50d37b88ca5b60c0fa9d81e3a87d4a7930d3880d1624d5b31f3"},
    {file = "pillow-11.3.0-cp313-cp313-win_amd64.whl", hash = "sha256:0bce5c4fd0921f99d2e858dc4d4d64193407e1b99478bc5cacecba2311abde51"},
    {file = "pillow-11.3.0-cp313-cp313-win_arm64.whl", hash = "sha256:1904e1264881f682f02b7f8167935cce37bc97db457f8e7849dc3a6a52b99580"},
    {file = "pillow-11.3.0-cp313-cp313t-macosx_10_13_x86_64.whl", hash = "sha256:4c834a3921375c48ee6b9624061076bc0a32a60b5532b322cc0ea64e639dd50e"},
    {file = "pillow-11.3.0-cp313-cp313t-macosx_11_0_arm64.whl", hash = "sha256:5e05688ccef30ea69b9317a9ead994b93975104a677a36a8ed8106be9260aa6d"},
    {file = "pillow-11.3.0-cp313-cp313t-manylinux2014_aarch64.manylinux_2_17_aarch64.whl", hash = "sha256:1019b04af07fc0163e2810167918cb5add8d74674b6267616021ab558dc98ced"},
    {file = "pillow-11.3.0-cp313-cp313t-manylinux2014_x86_64.manylinux_2_17_x86_64.whl", hash = "sha256:f944255db153ebb2b19c51fe85dd99ef0ce494123f21b9db4877ffdfc5590c7c"},
    {file = "pillow-11.3.0-cp313-cp313t-manylinux_2_27_aarch64.manylinux_2_28_aarch64.whl", hash = "sha256:1f85acb69adf2aaee8b7da124efebbdb959a104db34d3a2cb0f3793dbae422a8"},
    {file = "pillow-11.3.0-cp313-cp313t-manylinux_2_27_x86_64.manylinux_2_28_x86_64.whl", hash = "sha256:05f6ecbeff5005399bb48d198f098a9b4b6bdf27b8487c7f38ca16eeb070cd59"},
    {file = "pillow-11.3.0-cp313-cp313t-musllinux_1_2_aarch64.whl", hash = "sha256:a7bc6e6fd0395bc052f16b1a8670859964dbd7003bd0af2ff08342eb6e442cfe"},
    {file = "pillow-11.3.0-cp313-cp313t-musllinux_1_2_x86_64.whl", hash = "sha256:83e1b0161c9d148125083a35c1c5a89db5b7054834fd4387499e06552035236c"},
    {file = "pillow-11.3.0-cp313-cp313t-win32.whl", hash = "sha256:2a3117c06b8fb646639dce83694f2f9eac405472713fcb1ae887469c0d4f6788"},
    {file = "pillow-11.3.0-cp313-cp313t-win_amd64.whl", hash = "sha256:857844335c95bea93fb39e0fa2726b4d9d758850b34075a7e3ff4f4fa3aa3b31"},
    {file = "pillow-11.3.0-cp313-cp313t-win_arm64.whl", hash = "sha256:8797edc41f3e8536ae4b10897ee2f637235c94f27404cac7297f7b607dd0716e"},
    {file = "pillow-11.3.0-cp314-cp314-macosx_10_13_x86_64.whl", hash = "sha256:d9da3df5f9ea2a89b81bb6087177fb1f4d1c7146d583a3fe5c672c0d94e55e12"},
    {file = "pillow-11.3.0-cp314-cp314-macosx_11_0_arm64.whl", hash = "sha256:0b275ff9b04df7b640c59ec5a3cb113eefd3795a8df80bac69646ef699c6981a"},
    {file = "pillow-11.3.0-cp314-cp314-manylinux2014_aarch64.manylinux_2_17_aarch64.whl", hash = "sha256:0743841cabd3dba6a83f38a92672cccbd69af56e3e91777b0ee7f4dba4385632"},
    {file = "pillow-11.3.0-cp314-cp314-manylinux2014_x86_64.manylinux_2_17_x86_64.whl", hash = "sha256:2465a69cf967b8b49ee1b96d76718cd98c4e925414ead59fdf75cf0fd07df673"},
    {file = "pillow-11.3.0-cp314-cp314-manylinux_2_27_aarch64.manylinux_2_28_aarch64.whl", hash = "sha256:41742638139424703b4d01665b807c6468e23e699e8e90cffefe291c5832b027"},
    {file = "pillow-11.3.0-cp314-cp314-manylinux_2_27_x86_64.manylinux_2_28_x86_64.whl", hash = "sha256:93efb0b4de7e340d99057415c749175e24c8864302369e05914682ba642e5d77"},
    {file = "pillow-11.3.0-cp314-cp314-musllinux_1_2_aarch64.whl", hash = "sha256:7966e38dcd0fa11ca390aed7c6f20454443581d758242023cf36fcb319b1a874"},
    {file = "pillow-11.3.0-cp314-cp314-musllinux_1_2_x86_64.whl", hash = "sha256:98a9afa7b9007c67ed84c57c9e0ad86a6000da96eaa638e4f8abe5b65ff83f0a"},
    {file = "pillow-11.3.0-cp314-cp314-win32.whl", hash = "sha256:02a723e6bf909e7cea0dac1b0e0310be9d7650cd66222a5f1c571455c0a45214"},
    {file = "pillow-11.3.0-cp314-cp314-win_amd64.whl", hash = "sha256:a418486160228f64dd9e9efcd132679b7a02a5f22c982c78b6fc7dab3fefb635"},
    {file = "pillow-11.3.0-cp314-cp314-win_arm64.whl", hash = "sha256:155658efb5e044669c08896c0c44231c5e9abcaadbc5cd3648df2f7c0b96b9a6"},
    {file = "pillow-11.3.0-cp314-cp314t-macosx_10_13_x86_64.whl", hash = "sha256:59a03cdf019efbfeeed910bf79c7c93255c3d54bc45898ac2a4140071b02b4ae"},
    {file = "pillow-11.3.0-cp314-cp314t-macosx_11_0_arm64.whl", hash = "sha256:f8a5827f84d973d8636e9dc5764af4f0cf2318d26744b3d902931701b0d46653"},
    {file = "pillow-11.3.0-cp314-cp314t-manylinux2014_aarch64.manylinux_2_17_aarch64.whl", hash = "sha256:ee92f2fd10f4adc4b43d07ec5e779932b4eb3dbfbc34790ada5a6669bc095aa6"},
    {file = "pillow-11.3.0-cp314-cp314t-manylinux2014_x86_64.manylinux_2_17_x86_64.whl", hash = "sha256:c96d333dcf42d01f47b37e0979b6bd73ec91eae18614864622d9b87bbd5bbf36"},
    {file = "pillow-11.3.0-cp314-cp314t-manylinux_2_27_aarch64.manylinux_2_28_aarch64.whl", hash = "sha256:4c96f993ab8c98460cd0c001447bff6194403e8b1d7e149ade5f00594918128b"},
    {file = "pillow-11.3.0-cp314-cp314t-manylinux_2_27_x86_64.manylinux_2_28_x86_64.whl", hash = "sha256:41342b64afeba938edb034d122b2dda5db2139b9a4af999729ba8818e0056477"},
    {file = "pillow-11.3.0-cp314-cp314t-musllinux_1_2_aarch64.whl", hash = "sha256:068d9c39a2d1b358eb9f245ce7ab1b5c3246c7c8c7d9ba58cfa5b43146c06e50"},
    {file = "pillow-11.3.0-cp314-cp314t-musllinux_1_2_x86_64.whl", hash = "sha256:a1bc6ba083b145187f648b667e05a2534ecc4b9f2784c2cbe3089e44868f2b9b"},
    {file = "pillow-11.3.0-cp314-cp314t-win32.whl", hash = "sha256:118ca10c0d60b06d006be10a501fd6bbdfef559251ed31b794668ed569c87e12"},
    {file = "pillow-11.3.0-cp314-cp314t-win_amd64.whl", hash = "sha256:8924748b688aa210d79883357d102cd64690e56b923a186f35a82cbc10f997db"},
    {file = "pillow-11.3.0-cp314-cp314t-win_arm64.whl", hash = "sha256:79ea0d14d3ebad43ec77ad5272e6ff9bba5b679ef73375ea760261207fa8e0aa"},
    {file = "pillow-11.3.0-cp39-cp39-macosx_10_10_x86_64.whl", hash = "sha256:48d254f8a4c776de343051023eb61ffe818299eeac478da55227d96e241de53f"},
    {file = "pillow-11.3.0-cp39-cp39-macosx_11_0_arm64.whl", hash = "sha256:7aee118e30a4cf54fdd873bd3a29de51e29105ab11f9aad8c32123f58c8f8081"},
    {file = "pillow-11.3.0-cp39-cp39-manylinux2014_aarch64.manylinux_2_17_aarch64.whl", hash = "sha256:23cff760a9049c502721bdb743a7cb3e03365fafcdfc2ef9784610714166e5a4"},
    {file = "pillow-11.3.0-cp39-cp39-manylinux2014_x86_64.manylinux_2_17_x86_64.whl", hash = "sha256:6359a3bc43f57d5b375d1ad54a0074318a0844d11b76abccf478c37c986d3cfc"},
    {file = "pillow-11.3.0-cp39-cp39-manylinux_2_27_aarch64.manylinux_2_28_aarch64.whl", hash = "sha256:092c80c76635f5ecb10f3f83d76716165c96f5229addbd1ec2bdbbda7d496e06"},
    {file = "pillow-11.3.0-cp39-cp39-manylinux_2_27_x86_64.manylinux_2_28_x86_64.whl", hash = "sha256:cadc9e0ea0a2431124cde7e1697106471fc4c1da01530e679b2391c37d3fbb3a"},
    {file = "pillow-11.3.0-cp39-cp39-musllinux_1_2_aarch64.whl", hash = "sha256:6a418691000f2a418c9135a7cf0d797c1bb7d9a485e61fe8e7722845b95ef978"},
    {file = "pillow-11.3.0-cp39-cp39-musllinux_1_2_x86_64.whl", hash = "sha256:97afb3a00b65cc0804d1c7abddbf090a81eaac02768af58cbdcaaa0a931e0b6d"},
    {file = "pillow-11.3.0-cp39-cp39-win32.whl", hash = "sha256:ea944117a7974ae78059fcc1800e5d3295172bb97035c0c1d9345fca1419da71"},
    {file = "pillow-11.3.0-cp39-cp39-win_amd64.whl", hash = "sha256:e5c5858ad8ec655450a7c7df532e9842cf8df7cc349df7225c60d5d348c8aada"},
    {file = "pillow-11.3.0-cp39-cp39-win_arm64.whl", hash = "sha256:6abdbfd3aea42be05702a8dd98832329c167ee84400a1d1f61ab11437f1717eb"},
    {file = "pillow-11.3.0-pp310-pypy310_pp73-macosx_10_15_x86_64.whl", hash = "sha256:3cee80663f29e3843b68199b9d6f4f54bd1d4a6b59bdd91bceefc51238bcb967"},
    {file = "pillow-11.3.0-pp310-pypy310_pp73-macosx_11_0_arm64.whl", hash = "sha256:b5f56c3f344f2ccaf0dd875d3e180f631dc60a51b314295a3e681fe8cf851fbe"},
    {file = "pillow-11.3.0-pp310-pypy310_pp73-manylinux2014_aarch64.manylinux_2_17_aarch64.whl", hash = "sha256:e67d793d180c9df62f1f40aee3accca4829d3794c95098887edc18af4b8b780c"},
    {file = "pillow-11.3.0-pp310-pypy310_pp73-manylinux2014_x86_64.manylinux_2_17_x86_64.whl", hash = "sha256:d000f46e2917c705e9fb93a3606ee4a819d1e3aa7a9b442f6444f07e77cf5e25"},
    {file = "pillow-11.3.0-pp310-pypy310_pp73-manylinux_2_27_aarch64.manylinux_2_28_aarch64.whl", hash = "sha256:527b37216b6ac3a12d7838dc3bd75208ec57c1c6d11ef01902266a5a0c14fc27"},
    {file = "pillow-11.3.0-pp310-pypy310_pp73-manylinux_2_27_x86_64.manylinux_2_28_x86_64.whl", hash = "sha256:be5463ac478b623b9dd3937afd7fb7ab3d79dd290a28e2b6df292dc75063eb8a"},
    {file = "pillow-11.3.0-pp310-pypy310_pp73-win_amd64.whl", hash = "sha256:8dc70ca24c110503e16918a658b869019126ecfe03109b754c402daff12b3d9f"},
    {file = "pillow-11.3.0-pp311-pypy311_pp73-macosx_10_15_x86_64.whl", hash = "sha256:7c8ec7a017ad1bd562f93dbd8505763e688d388cde6e4a010ae1486916e713e6"},
    {file = "pillow-11.3.0-pp311-pypy311_pp73-macosx_11_0_arm64.whl", hash = "sha256:9ab6ae226de48019caa8074894544af5b53a117ccb9d3b3dcb2871464c829438"},
    {file = "pillow-11.3.0-pp311-pypy311_pp73-manylinux2014_aarch64.manylinux_2_17_aarch64.whl", hash = "sha256:fe27fb049cdcca11f11a7bfda64043c37b30e6b91f10cb5bab275806c32f6ab3"},
    {file = "pillow-11.3.0-pp311-pypy311_pp73-manylinux2014_x86_64.manylinux_2_17_x86_64.whl", hash = "sha256:465b9e8844e3c3519a983d58b80be3f668e2a7a5db97f2784e7079fbc9f9822c"},
    {file = "pillow-11.3.0-pp311-pypy311_pp73-manylinux_2_27_aarch64.manylinux_2_28_aarch64.whl", hash = "sha256:5418b53c0d59b3824d05e029669efa023bbef0f3e92e75ec8428f3799487f361"},
    {file = "pillow-11.3.0-pp311-pypy311_pp73-manylinux_2_27_x86_64.manylinux_2_28_x86_64.whl", hash = "sha256:504b6f59505f08ae014f724b6207ff6222662aab5cc9542577fb084ed0676ac7"},
    {file = "pillow-11.3.0-pp311-pypy311_pp73-win_amd64.whl", hash = "sha256:c84d689db21a1c397d001aa08241044aa2069e7587b398c8cc63020390b1c1b8"},
    {file = "pillow-11.3.0.tar.gz", hash = "sha256:3828ee7586cd0b2091b6209e5ad53e20d0649bbe87164a459d0676e035e8f523"},
]

[package.extras]
docs = ["furo", "olefile", "sphinx (>=8.2)", "sphinx-autobuild", "sphinx-copybutton", "sphinx-inline-tabs", "sphinxext-opengraph"]
fpx = ["olefile"]
mic = ["olefile"]
test-arrow = ["pyarrow"]
tests = ["check-manifest", "coverage (>=7.4.2)", "defusedxml", "markdown2", "olefile", "packaging", "pyroma", "pytest", "pytest-cov", "pytest-timeout", "pytest-xdist", "trove-classifiers (>=2024.10.12)"]
typing = ["typing-extensions ; python_version < \"3.10\""]
xmp = ["defusedxml"]

[[package]]
name = "platformdirs"
version = "4.4.0"
description = "A small Python package for determining appropriate platform-specific dirs, e.g. a `user data dir`."
optional = false
python-versions = ">=3.9"
groups = ["dev"]
files = [
    {file = "platformdirs-4.4.0-py3-none-any.whl", hash = "sha256:abd01743f24e5287cd7a5db3752faf1a2d65353f38ec26d98e25a6db65958c85"},
    {file = "platformdirs-4.4.0.tar.gz", hash = "sha256:ca753cf4d81dc309bc67b0ea38fd15dc97bc30ce419a7f58d13eb3bf14c4febf"},
]

[package.extras]
docs = ["furo (>=2024.8.6)", "proselint (>=0.14)", "sphinx (>=8.1.3)", "sphinx-autodoc-typehints (>=3)"]
test = ["appdirs (==1.4.4)", "covdefaults (>=2.3)", "pytest (>=8.3.4)", "pytest-cov (>=6)", "pytest-mock (>=3.14)"]
type = ["mypy (>=1.14.1)"]

[[package]]
name = "pluggy"
version = "1.6.0"
description = "plugin and hook calling mechanisms for python"
optional = false
python-versions = ">=3.9"
groups = ["dev"]
files = [
    {file = "pluggy-1.6.0-py3-none-any.whl", hash = "sha256:e920276dd6813095e9377c0bc5566d94c932c33b27a3e3945d8389c374dd4746"},
    {file = "pluggy-1.6.0.tar.gz", hash = "sha256:7dcc130b76258d33b90f61b658791dede3486c3e6bfb003ee5c9bfb396dd22f3"},
]

[package.extras]
dev = ["pre-commit", "tox"]
testing = ["coverage", "pytest", "pytest-benchmark"]

[[package]]
name = "prompt-toolkit"
version = "3.0.52"
description = "Library for building powerful interactive command lines in Python"
optional = false
python-versions = ">=3.8"
groups = ["dev"]
files = [
    {file = "prompt_toolkit-3.0.52-py3-none-any.whl", hash = "sha256:9aac639a3bbd33284347de5ad8d68ecc044b91a762dc39b7c21095fcd6a19955"},
    {file = "prompt_toolkit-3.0.52.tar.gz", hash = "sha256:28cde192929c8e7321de85de1ddbe736f1375148b02f2e17edd840042b1be855"},
]

[package.dependencies]
wcwidth = "*"

[[package]]
name = "psutil"
version = "7.0.0"
description = "Cross-platform lib for process and system monitoring in Python.  NOTE: the syntax of this script MUST be kept compatible with Python 2.7."
optional = false
python-versions = ">=3.6"
groups = ["dev"]
files = [
    {file = "psutil-7.0.0-cp36-abi3-macosx_10_9_x86_64.whl", hash = "sha256:101d71dc322e3cffd7cea0650b09b3d08b8e7c4109dd6809fe452dfd00e58b25"},
    {file = "psutil-7.0.0-cp36-abi3-macosx_11_0_arm64.whl", hash = "sha256:39db632f6bb862eeccf56660871433e111b6ea58f2caea825571951d4b6aa3da"},
    {file = "psutil-7.0.0-cp36-abi3-manylinux_2_12_i686.manylinux2010_i686.manylinux_2_17_i686.manylinux2014_i686.whl", hash = "sha256:1fcee592b4c6f146991ca55919ea3d1f8926497a713ed7faaf8225e174581e91"},
    {file = "psutil-7.0.0-cp36-abi3-manylinux_2_12_x86_64.manylinux2010_x86_64.manylinux_2_17_x86_64.manylinux2014_x86_64.whl", hash = "sha256:4b1388a4f6875d7e2aff5c4ca1cc16c545ed41dd8bb596cefea80111db353a34"},
    {file = "psutil-7.0.0-cp36-abi3-manylinux_2_17_aarch64.manylinux2014_aarch64.whl", hash = "sha256:a5f098451abc2828f7dc6b58d44b532b22f2088f4999a937557b603ce72b1993"},
    {file = "psutil-7.0.0-cp36-cp36m-win32.whl", hash = "sha256:84df4eb63e16849689f76b1ffcb36db7b8de703d1bc1fe41773db487621b6c17"},
    {file = "psutil-7.0.0-cp36-cp36m-win_amd64.whl", hash = "sha256:1e744154a6580bc968a0195fd25e80432d3afec619daf145b9e5ba16cc1d688e"},
    {file = "psutil-7.0.0-cp37-abi3-win32.whl", hash = "sha256:ba3fcef7523064a6c9da440fc4d6bd07da93ac726b5733c29027d7dc95b39d99"},
    {file = "psutil-7.0.0-cp37-abi3-win_amd64.whl", hash = "sha256:4cf3d4eb1aa9b348dec30105c55cd9b7d4629285735a102beb4441e38db90553"},
    {file = "psutil-7.0.0.tar.gz", hash = "sha256:7be9c3eba38beccb6495ea33afd982a44074b78f28c434a1f51cc07fd315c456"},
]

[package.extras]
dev = ["abi3audit", "black (==24.10.0)", "check-manifest", "coverage", "packaging", "pylint", "pyperf", "pypinfo", "pytest", "pytest-cov", "pytest-xdist", "requests", "rstcheck", "ruff", "setuptools", "sphinx", "sphinx_rtd_theme", "toml-sort", "twine", "virtualenv", "vulture", "wheel"]
test = ["pytest", "pytest-xdist", "setuptools"]

[[package]]
name = "ptyprocess"
version = "0.7.0"
description = "Run a subprocess in a pseudo terminal"
optional = false
python-versions = "*"
groups = ["dev"]
markers = "sys_platform != \"win32\" and sys_platform != \"emscripten\""
files = [
    {file = "ptyprocess-0.7.0-py2.py3-none-any.whl", hash = "sha256:4b41f3967fce3af57cc7e94b888626c18bf37a083e3651ca8feeb66d492fef35"},
    {file = "ptyprocess-0.7.0.tar.gz", hash = "sha256:5c5d0a3b48ceee0b48485e0c26037c0acd7d29765ca3fbb5cb3831d347423220"},
]

[[package]]
name = "pure-eval"
version = "0.2.3"
description = "Safely evaluate AST nodes without side effects"
optional = false
python-versions = "*"
groups = ["dev"]
files = [
    {file = "pure_eval-0.2.3-py3-none-any.whl", hash = "sha256:1db8e35b67b3d218d818ae653e27f06c3aa420901fa7b081ca98cbedc874e0d0"},
    {file = "pure_eval-0.2.3.tar.gz", hash = "sha256:5f4e983f40564c576c7c8635ae88db5956bb2229d7e9237d03b3c0b0190eaf42"},
]

[package.extras]
tests = ["pytest"]

[[package]]
name = "pyarrow"
version = "17.0.0"
description = "Python library for Apache Arrow"
optional = false
python-versions = ">=3.8"
groups = ["main"]
files = [
    {file = "pyarrow-17.0.0-cp310-cp310-macosx_10_15_x86_64.whl", hash = "sha256:a5c8b238d47e48812ee577ee20c9a2779e6a5904f1708ae240f53ecbee7c9f07"},
    {file = "pyarrow-17.0.0-cp310-cp310-macosx_11_0_arm64.whl", hash = "sha256:db023dc4c6cae1015de9e198d41250688383c3f9af8f565370ab2b4cb5f62655"},
    {file = "pyarrow-17.0.0-cp310-cp310-manylinux_2_17_aarch64.manylinux2014_aarch64.whl", hash = "sha256:da1e060b3876faa11cee287839f9cc7cdc00649f475714b8680a05fd9071d545"},
    {file = "pyarrow-17.0.0-cp310-cp310-manylinux_2_17_x86_64.manylinux2014_x86_64.whl", hash = "sha256:75c06d4624c0ad6674364bb46ef38c3132768139ddec1c56582dbac54f2663e2"},
    {file = "pyarrow-17.0.0-cp310-cp310-manylinux_2_28_aarch64.whl", hash = "sha256:fa3c246cc58cb5a4a5cb407a18f193354ea47dd0648194e6265bd24177982fe8"},
    {file = "pyarrow-17.0.0-cp310-cp310-manylinux_2_28_x86_64.whl", hash = "sha256:f7ae2de664e0b158d1607699a16a488de3d008ba99b3a7aa5de1cbc13574d047"},
    {file = "pyarrow-17.0.0-cp310-cp310-win_amd64.whl", hash = "sha256:5984f416552eea15fd9cee03da53542bf4cddaef5afecefb9aa8d1010c335087"},
    {file = "pyarrow-17.0.0-cp311-cp311-macosx_10_15_x86_64.whl", hash = "sha256:1c8856e2ef09eb87ecf937104aacfa0708f22dfeb039c363ec99735190ffb977"},
    {file = "pyarrow-17.0.0-cp311-cp311-macosx_11_0_arm64.whl", hash = "sha256:2e19f569567efcbbd42084e87f948778eb371d308e137a0f97afe19bb860ccb3"},
    {file = "pyarrow-17.0.0-cp311-cp311-manylinux_2_17_aarch64.manylinux2014_aarch64.whl", hash = "sha256:6b244dc8e08a23b3e352899a006a26ae7b4d0da7bb636872fa8f5884e70acf15"},
    {file = "pyarrow-17.0.0-cp311-cp311-manylinux_2_17_x86_64.manylinux2014_x86_64.whl", hash = "sha256:0b72e87fe3e1db343995562f7fff8aee354b55ee83d13afba65400c178ab2597"},
    {file = "pyarrow-17.0.0-cp311-cp311-manylinux_2_28_aarch64.whl", hash = "sha256:dc5c31c37409dfbc5d014047817cb4ccd8c1ea25d19576acf1a001fe07f5b420"},
    {file = "pyarrow-17.0.0-cp311-cp311-manylinux_2_28_x86_64.whl", hash = "sha256:e3343cb1e88bc2ea605986d4b94948716edc7a8d14afd4e2c097232f729758b4"},
    {file = "pyarrow-17.0.0-cp311-cp311-win_amd64.whl", hash = "sha256:a27532c38f3de9eb3e90ecab63dfda948a8ca859a66e3a47f5f42d1e403c4d03"},
    {file = "pyarrow-17.0.0-cp312-cp312-macosx_10_15_x86_64.whl", hash = "sha256:9b8a823cea605221e61f34859dcc03207e52e409ccf6354634143e23af7c8d22"},
    {file = "pyarrow-17.0.0-cp312-cp312-macosx_11_0_arm64.whl", hash = "sha256:f1e70de6cb5790a50b01d2b686d54aaf73da01266850b05e3af2a1bc89e16053"},
    {file = "pyarrow-17.0.0-cp312-cp312-manylinux_2_17_aarch64.manylinux2014_aarch64.whl", hash = "sha256:0071ce35788c6f9077ff9ecba4858108eebe2ea5a3f7cf2cf55ebc1dbc6ee24a"},
    {file = "pyarrow-17.0.0-cp312-cp312-manylinux_2_17_x86_64.manylinux2014_x86_64.whl", hash = "sha256:757074882f844411fcca735e39aae74248a1531367a7c80799b4266390ae51cc"},
    {file = "pyarrow-17.0.0-cp312-cp312-manylinux_2_28_aarch64.whl", hash = "sha256:9ba11c4f16976e89146781a83833df7f82077cdab7dc6232c897789343f7891a"},
    {file = "pyarrow-17.0.0-cp312-cp312-manylinux_2_28_x86_64.whl", hash = "sha256:b0c6ac301093b42d34410b187bba560b17c0330f64907bfa4f7f7f2444b0cf9b"},
    {file = "pyarrow-17.0.0-cp312-cp312-win_amd64.whl", hash = "sha256:392bc9feabc647338e6c89267635e111d71edad5fcffba204425a7c8d13610d7"},
    {file = "pyarrow-17.0.0-cp38-cp38-macosx_10_15_x86_64.whl", hash = "sha256:af5ff82a04b2171415f1410cff7ebb79861afc5dae50be73ce06d6e870615204"},
    {file = "pyarrow-17.0.0-cp38-cp38-macosx_11_0_arm64.whl", hash = "sha256:edca18eaca89cd6382dfbcff3dd2d87633433043650c07375d095cd3517561d8"},
    {file = "pyarrow-17.0.0-cp38-cp38-manylinux_2_17_aarch64.manylinux2014_aarch64.whl", hash = "sha256:7c7916bff914ac5d4a8fe25b7a25e432ff921e72f6f2b7547d1e325c1ad9d155"},
    {file = "pyarrow-17.0.0-cp38-cp38-manylinux_2_17_x86_64.manylinux2014_x86_64.whl", hash = "sha256:f553ca691b9e94b202ff741bdd40f6ccb70cdd5fbf65c187af132f1317de6145"},
    {file = "pyarrow-17.0.0-cp38-cp38-manylinux_2_28_aarch64.whl", hash = "sha256:0cdb0e627c86c373205a2f94a510ac4376fdc523f8bb36beab2e7f204416163c"},
    {file = "pyarrow-17.0.0-cp38-cp38-manylinux_2_28_x86_64.whl", hash = "sha256:d7d192305d9d8bc9082d10f361fc70a73590a4c65cf31c3e6926cd72b76bc35c"},
    {file = "pyarrow-17.0.0-cp38-cp38-win_amd64.whl", hash = "sha256:02dae06ce212d8b3244dd3e7d12d9c4d3046945a5933d28026598e9dbbda1fca"},
    {file = "pyarrow-17.0.0-cp39-cp39-macosx_10_15_x86_64.whl", hash = "sha256:13d7a460b412f31e4c0efa1148e1d29bdf18ad1411eb6757d38f8fbdcc8645fb"},
    {file = "pyarrow-17.0.0-cp39-cp39-macosx_11_0_arm64.whl", hash = "sha256:9b564a51fbccfab5a04a80453e5ac6c9954a9c5ef2890d1bcf63741909c3f8df"},
    {file = "pyarrow-17.0.0-cp39-cp39-manylinux_2_17_aarch64.manylinux2014_aarch64.whl", hash = "sha256:32503827abbc5aadedfa235f5ece8c4f8f8b0a3cf01066bc8d29de7539532687"},
    {file = "pyarrow-17.0.0-cp39-cp39-manylinux_2_17_x86_64.manylinux2014_x86_64.whl", hash = "sha256:a155acc7f154b9ffcc85497509bcd0d43efb80d6f733b0dc3bb14e281f131c8b"},
    {file = "pyarrow-17.0.0-cp39-cp39-manylinux_2_28_aarch64.whl", hash = "sha256:dec8d129254d0188a49f8a1fc99e0560dc1b85f60af729f47de4046015f9b0a5"},
    {file = "pyarrow-17.0.0-cp39-cp39-manylinux_2_28_x86_64.whl", hash = "sha256:a48ddf5c3c6a6c505904545c25a4ae13646ae1f8ba703c4df4a1bfe4f4006bda"},
    {file = "pyarrow-17.0.0-cp39-cp39-win_amd64.whl", hash = "sha256:42bf93249a083aca230ba7e2786c5f673507fa97bbd9725a1e2754715151a204"},
    {file = "pyarrow-17.0.0.tar.gz", hash = "sha256:4beca9521ed2c0921c1023e68d097d0299b62c362639ea315572a58f3f50fd28"},
]

[package.dependencies]
numpy = ">=1.16.6"

[package.extras]
test = ["cffi", "hypothesis", "pandas", "pytest", "pytz"]

[[package]]
name = "pycparser"
version = "2.22"
description = "C parser in Python"
optional = false
python-versions = ">=3.8"
groups = ["dev"]
markers = "implementation_name == \"pypy\""
files = [
    {file = "pycparser-2.22-py3-none-any.whl", hash = "sha256:c3702b6d3dd8c7abc1afa565d7e63d53a1d0bd86cdc24edd75470f4de499cfcc"},
    {file = "pycparser-2.22.tar.gz", hash = "sha256:491c8be9c040f5390f5bf44a5b07752bd07f56edf992381b05c701439eec10f6"},
]

[[package]]
name = "pygments"
version = "2.19.2"
description = "Pygments is a syntax highlighting package written in Python."
optional = false
python-versions = ">=3.8"
groups = ["dev"]
files = [
    {file = "pygments-2.19.2-py3-none-any.whl", hash = "sha256:86540386c03d588bb81d44bc3928634ff26449851e99741617ecb9037ee5ec0b"},
    {file = "pygments-2.19.2.tar.gz", hash = "sha256:636cb2477cec7f8952536970bc533bc43743542f70392ae026374600add5b887"},
]

[package.extras]
windows-terminal = ["colorama (>=0.4.6)"]

[[package]]
name = "pyparsing"
version = "3.2.3"
description = "pyparsing module - Classes and methods to define and execute parsing grammars"
optional = false
python-versions = ">=3.9"
groups = ["main"]
files = [
    {file = "pyparsing-3.2.3-py3-none-any.whl", hash = "sha256:a749938e02d6fd0b59b356ca504a24982314bb090c383e3cf201c95ef7e2bfcf"},
    {file = "pyparsing-3.2.3.tar.gz", hash = "sha256:b9c13f1ab8b3b542f72e28f634bad4de758ab3ce4546e4301970ad6fa77c38be"},
]

[package.extras]
diagrams = ["jinja2", "railroad-diagrams"]

[[package]]
name = "pytest"
version = "8.4.1"
description = "pytest: simple powerful testing with Python"
optional = false
python-versions = ">=3.9"
groups = ["dev"]
files = [
    {file = "pytest-8.4.1-py3-none-any.whl", hash = "sha256:539c70ba6fcead8e78eebbf1115e8b589e7565830d7d006a8723f19ac8a0afb7"},
    {file = "pytest-8.4.1.tar.gz", hash = "sha256:7c67fd69174877359ed9371ec3af8a3d2b04741818c51e5e99cc1742251fa93c"},
]

[package.dependencies]
colorama = {version = ">=0.4", markers = "sys_platform == \"win32\""}
iniconfig = ">=1"
packaging = ">=20"
pluggy = ">=1.5,<2"
pygments = ">=2.7.2"

[package.extras]
dev = ["argcomplete", "attrs (>=19.2)", "hypothesis (>=3.56)", "mock", "requests", "setuptools", "xmlschema"]

[[package]]
name = "pytest-cov"
version = "5.0.0"
description = "Pytest plugin for measuring coverage."
optional = false
python-versions = ">=3.8"
groups = ["dev"]
files = [
    {file = "pytest-cov-5.0.0.tar.gz", hash = "sha256:5837b58e9f6ebd335b0f8060eecce69b662415b16dc503883a02f45dfeb14857"},
    {file = "pytest_cov-5.0.0-py3-none-any.whl", hash = "sha256:4f0764a1219df53214206bf1feea4633c3b558a2925c8b59f144f682861ce652"},
]

[package.dependencies]
coverage = {version = ">=5.2.1", extras = ["toml"]}
pytest = ">=4.6"

[package.extras]
testing = ["fields", "hunter", "process-tests", "pytest-xdist", "virtualenv"]

[[package]]
name = "python-dateutil"
version = "2.9.0.post0"
description = "Extensions to the standard Python datetime module"
optional = false
python-versions = "!=3.0.*,!=3.1.*,!=3.2.*,>=2.7"
groups = ["main", "dev"]
files = [
    {file = "python-dateutil-2.9.0.post0.tar.gz", hash = "sha256:37dd54208da7e1cd875388217d5e00ebd4179249f90fb72437e91a35459a0ad3"},
    {file = "python_dateutil-2.9.0.post0-py2.py3-none-any.whl", hash = "sha256:a8b2bc7bffae282281c8140a97d3aa9c14da0b136dfe83f850eea9a5f7470427"},
]

[package.dependencies]
six = ">=1.5"

[[package]]
name = "pytz"
version = "2025.2"
description = "World timezone definitions, modern and historical"
optional = false
python-versions = "*"
groups = ["main"]
files = [
    {file = "pytz-2025.2-py2.py3-none-any.whl", hash = "sha256:5ddf76296dd8c44c26eb8f4b6f35488f3ccbf6fbbd7adee0b7262d43f0ec2f00"},
    {file = "pytz-2025.2.tar.gz", hash = "sha256:360b9e3dbb49a209c21ad61809c7fb453643e048b38924c765813546746e81c3"},
]

[[package]]
name = "pywin32"
version = "311"
description = "Python for Window Extensions"
optional = false
python-versions = "*"
groups = ["dev"]
markers = "sys_platform == \"win32\" and platform_python_implementation != \"PyPy\""
files = [
    {file = "pywin32-311-cp310-cp310-win32.whl", hash = "sha256:d03ff496d2a0cd4a5893504789d4a15399133fe82517455e78bad62efbb7f0a3"},
    {file = "pywin32-311-cp310-cp310-win_amd64.whl", hash = "sha256:797c2772017851984b97180b0bebe4b620bb86328e8a884bb626156295a63b3b"},
    {file = "pywin32-311-cp310-cp310-win_arm64.whl", hash = "sha256:0502d1facf1fed4839a9a51ccbcc63d952cf318f78ffc00a7e78528ac27d7a2b"},
    {file = "pywin32-311-cp311-cp311-win32.whl", hash = "sha256:184eb5e436dea364dcd3d2316d577d625c0351bf237c4e9a5fabbcfa5a58b151"},
    {file = "pywin32-311-cp311-cp311-win_amd64.whl", hash = "sha256:3ce80b34b22b17ccbd937a6e78e7225d80c52f5ab9940fe0506a1a16f3dab503"},
    {file = "pywin32-311-cp311-cp311-win_arm64.whl", hash = "sha256:a733f1388e1a842abb67ffa8e7aad0e70ac519e09b0f6a784e65a136ec7cefd2"},
    {file = "pywin32-311-cp312-cp312-win32.whl", hash = "sha256:750ec6e621af2b948540032557b10a2d43b0cee2ae9758c54154d711cc852d31"},
    {file = "pywin32-311-cp312-cp312-win_amd64.whl", hash = "sha256:b8c095edad5c211ff31c05223658e71bf7116daa0ecf3ad85f3201ea3190d067"},
    {file = "pywin32-311-cp312-cp312-win_arm64.whl", hash = "sha256:e286f46a9a39c4a18b319c28f59b61de793654af2f395c102b4f819e584b5852"},
    {file = "pywin32-311-cp313-cp313-win32.whl", hash = "sha256:f95ba5a847cba10dd8c4d8fefa9f2a6cf283b8b88ed6178fa8a6c1ab16054d0d"},
    {file = "pywin32-311-cp313-cp313-win_amd64.whl", hash = "sha256:718a38f7e5b058e76aee1c56ddd06908116d35147e133427e59a3983f703a20d"},
    {file = "pywin32-311-cp313-cp313-win_arm64.whl", hash = "sha256:7b4075d959648406202d92a2310cb990fea19b535c7f4a78d3f5e10b926eeb8a"},
    {file = "pywin32-311-cp314-cp314-win32.whl", hash = "sha256:b7a2c10b93f8986666d0c803ee19b5990885872a7de910fc460f9b0c2fbf92ee"},
    {file = "pywin32-311-cp314-cp314-win_amd64.whl", hash = "sha256:3aca44c046bd2ed8c90de9cb8427f581c479e594e99b5c0bb19b29c10fd6cb87"},
    {file = "pywin32-311-cp314-cp314-win_arm64.whl", hash = "sha256:a508e2d9025764a8270f93111a970e1d0fbfc33f4153b388bb649b7eec4f9b42"},
    {file = "pywin32-311-cp38-cp38-win32.whl", hash = "sha256:6c6f2969607b5023b0d9ce2541f8d2cbb01c4f46bc87456017cf63b73f1e2d8c"},
    {file = "pywin32-311-cp38-cp38-win_amd64.whl", hash = "sha256:c8015b09fb9a5e188f83b7b04de91ddca4658cee2ae6f3bc483f0b21a77ef6cd"},
    {file = "pywin32-311-cp39-cp39-win32.whl", hash = "sha256:aba8f82d551a942cb20d4a83413ccbac30790b50efb89a75e4f586ac0bb8056b"},
    {file = "pywin32-311-cp39-cp39-win_amd64.whl", hash = "sha256:e0c4cfb0621281fe40387df582097fd796e80430597cb9944f0ae70447bacd91"},
    {file = "pywin32-311-cp39-cp39-win_arm64.whl", hash = "sha256:62ea666235135fee79bb154e695f3ff67370afefd71bd7fea7512fc70ef31e3d"},
]

[[package]]
name = "pyyaml"
version = "6.0.2"
description = "YAML parser and emitter for Python"
optional = false
python-versions = ">=3.8"
groups = ["main"]
files = [
    {file = "PyYAML-6.0.2-cp310-cp310-macosx_10_9_x86_64.whl", hash = "sha256:0a9a2848a5b7feac301353437eb7d5957887edbf81d56e903999a75a3d743086"},
    {file = "PyYAML-6.0.2-cp310-cp310-macosx_11_0_arm64.whl", hash = "sha256:29717114e51c84ddfba879543fb232a6ed60086602313ca38cce623c1d62cfbf"},
    {file = "PyYAML-6.0.2-cp310-cp310-manylinux_2_17_aarch64.manylinux2014_aarch64.whl", hash = "sha256:8824b5a04a04a047e72eea5cec3bc266db09e35de6bdfe34c9436ac5ee27d237"},
    {file = "PyYAML-6.0.2-cp310-cp310-manylinux_2_17_s390x.manylinux2014_s390x.whl", hash = "sha256:7c36280e6fb8385e520936c3cb3b8042851904eba0e58d277dca80a5cfed590b"},
    {file = "PyYAML-6.0.2-cp310-cp310-manylinux_2_17_x86_64.manylinux2014_x86_64.whl", hash = "sha256:ec031d5d2feb36d1d1a24380e4db6d43695f3748343d99434e6f5f9156aaa2ed"},
    {file = "PyYAML-6.0.2-cp310-cp310-musllinux_1_1_aarch64.whl", hash = "sha256:936d68689298c36b53b29f23c6dbb74de12b4ac12ca6cfe0e047bedceea56180"},
    {file = "PyYAML-6.0.2-cp310-cp310-musllinux_1_1_x86_64.whl", hash = "sha256:23502f431948090f597378482b4812b0caae32c22213aecf3b55325e049a6c68"},
    {file = "PyYAML-6.0.2-cp310-cp310-win32.whl", hash = "sha256:2e99c6826ffa974fe6e27cdb5ed0021786b03fc98e5ee3c5bfe1fd5015f42b99"},
    {file = "PyYAML-6.0.2-cp310-cp310-win_amd64.whl", hash = "sha256:a4d3091415f010369ae4ed1fc6b79def9416358877534caf6a0fdd2146c87a3e"},
    {file = "PyYAML-6.0.2-cp311-cp311-macosx_10_9_x86_64.whl", hash = "sha256:cc1c1159b3d456576af7a3e4d1ba7e6924cb39de8f67111c735f6fc832082774"},
    {file = "PyYAML-6.0.2-cp311-cp311-macosx_11_0_arm64.whl", hash = "sha256:1e2120ef853f59c7419231f3bf4e7021f1b936f6ebd222406c3b60212205d2ee"},
    {file = "PyYAML-6.0.2-cp311-cp311-manylinux_2_17_aarch64.manylinux2014_aarch64.whl", hash = "sha256:5d225db5a45f21e78dd9358e58a98702a0302f2659a3c6cd320564b75b86f47c"},
    {file = "PyYAML-6.0.2-cp311-cp311-manylinux_2_17_s390x.manylinux2014_s390x.whl", hash = "sha256:5ac9328ec4831237bec75defaf839f7d4564be1e6b25ac710bd1a96321cc8317"},
    {file = "PyYAML-6.0.2-cp311-cp311-manylinux_2_17_x86_64.manylinux2014_x86_64.whl", hash = "sha256:3ad2a3decf9aaba3d29c8f537ac4b243e36bef957511b4766cb0057d32b0be85"},
    {file = "PyYAML-6.0.2-cp311-cp311-musllinux_1_1_aarch64.whl", hash = "sha256:ff3824dc5261f50c9b0dfb3be22b4567a6f938ccce4587b38952d85fd9e9afe4"},
    {file = "PyYAML-6.0.2-cp311-cp311-musllinux_1_1_x86_64.whl", hash = "sha256:797b4f722ffa07cc8d62053e4cff1486fa6dc094105d13fea7b1de7d8bf71c9e"},
    {file = "PyYAML-6.0.2-cp311-cp311-win32.whl", hash = "sha256:11d8f3dd2b9c1207dcaf2ee0bbbfd5991f571186ec9cc78427ba5bd32afae4b5"},
    {file = "PyYAML-6.0.2-cp311-cp311-win_amd64.whl", hash = "sha256:e10ce637b18caea04431ce14fabcf5c64a1c61ec9c56b071a4b7ca131ca52d44"},
    {file = "PyYAML-6.0.2-cp312-cp312-macosx_10_9_x86_64.whl", hash = "sha256:c70c95198c015b85feafc136515252a261a84561b7b1d51e3384e0655ddf25ab"},
    {file = "PyYAML-6.0.2-cp312-cp312-macosx_11_0_arm64.whl", hash = "sha256:ce826d6ef20b1bc864f0a68340c8b3287705cae2f8b4b1d932177dcc76721725"},
    {file = "PyYAML-6.0.2-cp312-cp312-manylinux_2_17_aarch64.manylinux2014_aarch64.whl", hash = "sha256:1f71ea527786de97d1a0cc0eacd1defc0985dcf6b3f17bb77dcfc8c34bec4dc5"},
    {file = "PyYAML-6.0.2-cp312-cp312-manylinux_2_17_s390x.manylinux2014_s390x.whl", hash = "sha256:9b22676e8097e9e22e36d6b7bda33190d0d400f345f23d4065d48f4ca7ae0425"},
    {file = "PyYAML-6.0.2-cp312-cp312-manylinux_2_17_x86_64.manylinux2014_x86_64.whl", hash = "sha256:80bab7bfc629882493af4aa31a4cfa43a4c57c83813253626916b8c7ada83476"},
    {file = "PyYAML-6.0.2-cp312-cp312-musllinux_1_1_aarch64.whl", hash = "sha256:0833f8694549e586547b576dcfaba4a6b55b9e96098b36cdc7ebefe667dfed48"},
    {file = "PyYAML-6.0.2-cp312-cp312-musllinux_1_1_x86_64.whl", hash = "sha256:8b9c7197f7cb2738065c481a0461e50ad02f18c78cd75775628afb4d7137fb3b"},
    {file = "PyYAML-6.0.2-cp312-cp312-win32.whl", hash = "sha256:ef6107725bd54b262d6dedcc2af448a266975032bc85ef0172c5f059da6325b4"},
    {file = "PyYAML-6.0.2-cp312-cp312-win_amd64.whl", hash = "sha256:7e7401d0de89a9a855c839bc697c079a4af81cf878373abd7dc625847d25cbd8"},
    {file = "PyYAML-6.0.2-cp313-cp313-macosx_10_13_x86_64.whl", hash = "sha256:efdca5630322a10774e8e98e1af481aad470dd62c3170801852d752aa7a783ba"},
    {file = "PyYAML-6.0.2-cp313-cp313-macosx_11_0_arm64.whl", hash = "sha256:50187695423ffe49e2deacb8cd10510bc361faac997de9efef88badc3bb9e2d1"},
    {file = "PyYAML-6.0.2-cp313-cp313-manylinux_2_17_aarch64.manylinux2014_aarch64.whl", hash = "sha256:0ffe8360bab4910ef1b9e87fb812d8bc0a308b0d0eef8c8f44e0254ab3b07133"},
    {file = "PyYAML-6.0.2-cp313-cp313-manylinux_2_17_s390x.manylinux2014_s390x.whl", hash = "sha256:17e311b6c678207928d649faa7cb0d7b4c26a0ba73d41e99c4fff6b6c3276484"},
    {file = "PyYAML-6.0.2-cp313-cp313-manylinux_2_17_x86_64.manylinux2014_x86_64.whl", hash = "sha256:70b189594dbe54f75ab3a1acec5f1e3faa7e8cf2f1e08d9b561cb41b845f69d5"},
    {file = "PyYAML-6.0.2-cp313-cp313-musllinux_1_1_aarch64.whl", hash = "sha256:41e4e3953a79407c794916fa277a82531dd93aad34e29c2a514c2c0c5fe971cc"},
    {file = "PyYAML-6.0.2-cp313-cp313-musllinux_1_1_x86_64.whl", hash = "sha256:68ccc6023a3400877818152ad9a1033e3db8625d899c72eacb5a668902e4d652"},
    {file = "PyYAML-6.0.2-cp313-cp313-win32.whl", hash = "sha256:bc2fa7c6b47d6bc618dd7fb02ef6fdedb1090ec036abab80d4681424b84c1183"},
    {file = "PyYAML-6.0.2-cp313-cp313-win_amd64.whl", hash = "sha256:8388ee1976c416731879ac16da0aff3f63b286ffdd57cdeb95f3f2e085687563"},
    {file = "PyYAML-6.0.2-cp38-cp38-macosx_10_9_x86_64.whl", hash = "sha256:24471b829b3bf607e04e88d79542a9d48bb037c2267d7927a874e6c205ca7e9a"},
    {file = "PyYAML-6.0.2-cp38-cp38-manylinux_2_17_aarch64.manylinux2014_aarch64.whl", hash = "sha256:d7fded462629cfa4b685c5416b949ebad6cec74af5e2d42905d41e257e0869f5"},
    {file = "PyYAML-6.0.2-cp38-cp38-manylinux_2_17_s390x.manylinux2014_s390x.whl", hash = "sha256:d84a1718ee396f54f3a086ea0a66d8e552b2ab2017ef8b420e92edbc841c352d"},
    {file = "PyYAML-6.0.2-cp38-cp38-manylinux_2_17_x86_64.manylinux2014_x86_64.whl", hash = "sha256:9056c1ecd25795207ad294bcf39f2db3d845767be0ea6e6a34d856f006006083"},
    {file = "PyYAML-6.0.2-cp38-cp38-musllinux_1_1_x86_64.whl", hash = "sha256:82d09873e40955485746739bcb8b4586983670466c23382c19cffecbf1fd8706"},
    {file = "PyYAML-6.0.2-cp38-cp38-win32.whl", hash = "sha256:43fa96a3ca0d6b1812e01ced1044a003533c47f6ee8aca31724f78e93ccc089a"},
    {file = "PyYAML-6.0.2-cp38-cp38-win_amd64.whl", hash = "sha256:01179a4a8559ab5de078078f37e5c1a30d76bb88519906844fd7bdea1b7729ff"},
    {file = "PyYAML-6.0.2-cp39-cp39-macosx_10_9_x86_64.whl", hash = "sha256:688ba32a1cffef67fd2e9398a2efebaea461578b0923624778664cc1c914db5d"},
    {file = "PyYAML-6.0.2-cp39-cp39-macosx_11_0_arm64.whl", hash = "sha256:a8786accb172bd8afb8be14490a16625cbc387036876ab6ba70912730faf8e1f"},
    {file = "PyYAML-6.0.2-cp39-cp39-manylinux_2_17_aarch64.manylinux2014_aarch64.whl", hash = "sha256:d8e03406cac8513435335dbab54c0d385e4a49e4945d2909a581c83647ca0290"},
    {file = "PyYAML-6.0.2-cp39-cp39-manylinux_2_17_s390x.manylinux2014_s390x.whl", hash = "sha256:f753120cb8181e736c57ef7636e83f31b9c0d1722c516f7e86cf15b7aa57ff12"},
    {file = "PyYAML-6.0.2-cp39-cp39-manylinux_2_17_x86_64.manylinux2014_x86_64.whl", hash = "sha256:3b1fdb9dc17f5a7677423d508ab4f243a726dea51fa5e70992e59a7411c89d19"},
    {file = "PyYAML-6.0.2-cp39-cp39-musllinux_1_1_aarch64.whl", hash = "sha256:0b69e4ce7a131fe56b7e4d770c67429700908fc0752af059838b1cfb41960e4e"},
    {file = "PyYAML-6.0.2-cp39-cp39-musllinux_1_1_x86_64.whl", hash = "sha256:a9f8c2e67970f13b16084e04f134610fd1d374bf477b17ec1599185cf611d725"},
    {file = "PyYAML-6.0.2-cp39-cp39-win32.whl", hash = "sha256:6395c297d42274772abc367baaa79683958044e5d3835486c16da75d2a694631"},
    {file = "PyYAML-6.0.2-cp39-cp39-win_amd64.whl", hash = "sha256:39693e1f8320ae4f43943590b49779ffb98acb81f788220ea932a6b6c51004d8"},
    {file = "pyyaml-6.0.2.tar.gz", hash = "sha256:d584d9ec91ad65861cc08d42e834324ef890a082e591037abe114850ff7bbc3e"},
]

[[package]]
name = "pyzmq"
version = "27.0.2"
description = "Python bindings for 0MQ"
optional = false
python-versions = ">=3.8"
groups = ["dev"]
files = [
    {file = "pyzmq-27.0.2-cp310-cp310-macosx_10_15_universal2.whl", hash = "sha256:8b32c4636ced87dce0ac3d671e578b3400215efab372f1b4be242e8cf0b11384"},
    {file = "pyzmq-27.0.2-cp310-cp310-manylinux2014_i686.manylinux_2_17_i686.whl", hash = "sha256:f9528a4b3e24189cb333a9850fddbbafaa81df187297cfbddee50447cdb042cf"},
    {file = "pyzmq-27.0.2-cp310-cp310-manylinux_2_26_aarch64.manylinux_2_28_aarch64.whl", hash = "sha256:3b02ba0c0b2b9ebe74688002e6c56c903429924a25630804b9ede1f178aa5a3f"},
    {file = "pyzmq-27.0.2-cp310-cp310-manylinux_2_26_x86_64.manylinux_2_28_x86_64.whl", hash = "sha256:9e4dc5c9a6167617251dea0d024d67559795761aabb4b7ea015518be898be076"},
    {file = "pyzmq-27.0.2-cp310-cp310-musllinux_1_2_aarch64.whl", hash = "sha256:f1151b33aaf3b4fa9da26f4d696e38eebab67d1b43c446184d733c700b3ff8ce"},
    {file = "pyzmq-27.0.2-cp310-cp310-musllinux_1_2_i686.whl", hash = "sha256:4ecfc7999ac44c9ef92b5ae8f0b44fb935297977df54d8756b195a3cd12f38f0"},
    {file = "pyzmq-27.0.2-cp310-cp310-musllinux_1_2_x86_64.whl", hash = "sha256:31c26a5d0b00befcaeeb600d8b15ad09f5604b6f44e2057ec5e521a9e18dcd9a"},
    {file = "pyzmq-27.0.2-cp310-cp310-win32.whl", hash = "sha256:25a100d2de2ac0c644ecf4ce0b509a720d12e559c77aff7e7e73aa684f0375bc"},
    {file = "pyzmq-27.0.2-cp310-cp310-win_amd64.whl", hash = "sha256:a1acf091f53bb406e9e5e7383e467d1dd1b94488b8415b890917d30111a1fef3"},
    {file = "pyzmq-27.0.2-cp310-cp310-win_arm64.whl", hash = "sha256:b38e01f11e9e95f6668dc8a62dccf9483f454fed78a77447507a0e8dcbd19a63"},
    {file = "pyzmq-27.0.2-cp311-cp311-macosx_10_15_universal2.whl", hash = "sha256:063845960df76599ad4fad69fa4d884b3ba38304272104fdcd7e3af33faeeb1d"},
    {file = "pyzmq-27.0.2-cp311-cp311-manylinux2014_i686.manylinux_2_17_i686.whl", hash = "sha256:845a35fb21b88786aeb38af8b271d41ab0967985410f35411a27eebdc578a076"},
    {file = "pyzmq-27.0.2-cp311-cp311-manylinux_2_26_aarch64.manylinux_2_28_aarch64.whl", hash = "sha256:515d20b5c3c86db95503faa989853a8ab692aab1e5336db011cd6d35626c4cb1"},
    {file = "pyzmq-27.0.2-cp311-cp311-manylinux_2_26_x86_64.manylinux_2_28_x86_64.whl", hash = "sha256:862aedec0b0684a5050cdb5ec13c2da96d2f8dffda48657ed35e312a4e31553b"},
    {file = "pyzmq-27.0.2-cp311-cp311-musllinux_1_2_aarch64.whl", hash = "sha256:2cb5bcfc51c7a4fce335d3bc974fd1d6a916abbcdd2b25f6e89d37b8def25f57"},
    {file = "pyzmq-27.0.2-cp311-cp311-musllinux_1_2_i686.whl", hash = "sha256:38ff75b2a36e3a032e9fef29a5871e3e1301a37464e09ba364e3c3193f62982a"},
    {file = "pyzmq-27.0.2-cp311-cp311-musllinux_1_2_x86_64.whl", hash = "sha256:7a5709abe8d23ca158a9d0a18c037f4193f5b6afeb53be37173a41e9fb885792"},
    {file = "pyzmq-27.0.2-cp311-cp311-win32.whl", hash = "sha256:47c5dda2018c35d87be9b83de0890cb92ac0791fd59498847fc4eca6ff56671d"},
    {file = "pyzmq-27.0.2-cp311-cp311-win_amd64.whl", hash = "sha256:f54ca3e98f8f4d23e989c7d0edcf9da7a514ff261edaf64d1d8653dd5feb0a8b"},
    {file = "pyzmq-27.0.2-cp311-cp311-win_arm64.whl", hash = "sha256:2ef3067cb5b51b090fb853f423ad7ed63836ec154374282780a62eb866bf5768"},
    {file = "pyzmq-27.0.2-cp312-abi3-macosx_10_15_universal2.whl", hash = "sha256:5da05e3c22c95e23bfc4afeee6ff7d4be9ff2233ad6cb171a0e8257cd46b169a"},
    {file = "pyzmq-27.0.2-cp312-abi3-manylinux2014_i686.manylinux_2_17_i686.whl", hash = "sha256:4e4520577971d01d47e2559bb3175fce1be9103b18621bf0b241abe0a933d040"},
    {file = "pyzmq-27.0.2-cp312-abi3-manylinux_2_26_aarch64.manylinux_2_28_aarch64.whl", hash = "sha256:56d7de7bf73165b90bd25a8668659ccb134dd28449116bf3c7e9bab5cf8a8ec9"},
    {file = "pyzmq-27.0.2-cp312-abi3-manylinux_2_26_x86_64.manylinux_2_28_x86_64.whl", hash = "sha256:340e7cddc32f147c6c00d116a3f284ab07ee63dbd26c52be13b590520434533c"},
    {file = "pyzmq-27.0.2-cp312-abi3-musllinux_1_2_aarch64.whl", hash = "sha256:ba95693f9df8bb4a9826464fb0fe89033936f35fd4a8ff1edff09a473570afa0"},
    {file = "pyzmq-27.0.2-cp312-abi3-musllinux_1_2_i686.whl", hash = "sha256:ca42a6ce2d697537da34f77a1960d21476c6a4af3e539eddb2b114c3cf65a78c"},
    {file = "pyzmq-27.0.2-cp312-abi3-musllinux_1_2_x86_64.whl", hash = "sha256:3e44e665d78a07214b2772ccbd4b9bcc6d848d7895f1b2d7653f047b6318a4f6"},
    {file = "pyzmq-27.0.2-cp312-abi3-win32.whl", hash = "sha256:272d772d116615397d2be2b1417b3b8c8bc8671f93728c2f2c25002a4530e8f6"},
    {file = "pyzmq-27.0.2-cp312-abi3-win_amd64.whl", hash = "sha256:734be4f44efba0aa69bf5f015ed13eb69ff29bf0d17ea1e21588b095a3147b8e"},
    {file = "pyzmq-27.0.2-cp312-abi3-win_arm64.whl", hash = "sha256:41f0bd56d9279392810950feb2785a419c2920bbf007fdaaa7f4a07332ae492d"},
    {file = "pyzmq-27.0.2-cp313-cp313-android_24_arm64_v8a.whl", hash = "sha256:7f01118133427cd7f34ee133b5098e2af5f70303fa7519785c007bca5aa6f96a"},
    {file = "pyzmq-27.0.2-cp313-cp313-android_24_x86_64.whl", hash = "sha256:e4b860edf6379a7234ccbb19b4ed2c57e3ff569c3414fadfb49ae72b61a8ef07"},
    {file = "pyzmq-27.0.2-cp313-cp313t-macosx_10_15_universal2.whl", hash = "sha256:cb77923ea163156da14295c941930bd525df0d29c96c1ec2fe3c3806b1e17cb3"},
    {file = "pyzmq-27.0.2-cp313-cp313t-manylinux2014_i686.manylinux_2_17_i686.whl", hash = "sha256:61678b7407b04df8f9423f188156355dc94d0fb52d360ae79d02ed7e0d431eea"},
    {file = "pyzmq-27.0.2-cp313-cp313t-manylinux_2_26_aarch64.manylinux_2_28_aarch64.whl", hash = "sha256:e3c824b70925963bdc8e39a642672c15ffaa67e7d4b491f64662dd56d6271263"},
    {file = "pyzmq-27.0.2-cp313-cp313t-manylinux_2_26_x86_64.manylinux_2_28_x86_64.whl", hash = "sha256:c4833e02fcf2751975457be1dfa2f744d4d09901a8cc106acaa519d868232175"},
    {file = "pyzmq-27.0.2-cp313-cp313t-musllinux_1_2_aarch64.whl", hash = "sha256:b18045668d09cf0faa44918af2a67f0dbbef738c96f61c2f1b975b1ddb92ccfc"},
    {file = "pyzmq-27.0.2-cp313-cp313t-musllinux_1_2_i686.whl", hash = "sha256:bbbb7e2f3ac5a22901324e7b086f398b8e16d343879a77b15ca3312e8cd8e6d5"},
    {file = "pyzmq-27.0.2-cp313-cp313t-musllinux_1_2_x86_64.whl", hash = "sha256:b751914a73604d40d88a061bab042a11d4511b3ddbb7624cd83c39c8a498564c"},
    {file = "pyzmq-27.0.2-cp313-cp313t-win32.whl", hash = "sha256:3e8f833dd82af11db5321c414638045c70f61009f72dd61c88db4a713c1fb1d2"},
    {file = "pyzmq-27.0.2-cp313-cp313t-win_amd64.whl", hash = "sha256:5b45153cb8eadcab14139970643a84f7a7b08dda541fbc1f6f4855c49334b549"},
    {file = "pyzmq-27.0.2-cp313-cp313t-win_arm64.whl", hash = "sha256:86898f5c9730df23427c1ee0097d8aa41aa5f89539a79e48cd0d2c22d059f1b7"},
    {file = "pyzmq-27.0.2-cp314-cp314t-macosx_10_15_universal2.whl", hash = "sha256:d2b4b261dce10762be5c116b6ad1f267a9429765b493c454f049f33791dd8b8a"},
    {file = "pyzmq-27.0.2-cp314-cp314t-manylinux2014_i686.manylinux_2_17_i686.whl", hash = "sha256:4e4d88b6cff156fed468903006b24bbd85322612f9c2f7b96e72d5016fd3f543"},
    {file = "pyzmq-27.0.2-cp314-cp314t-manylinux_2_26_aarch64.manylinux_2_28_aarch64.whl", hash = "sha256:8426c0ebbc11ed8416a6e9409c194142d677c2c5c688595f2743664e356d9e9b"},
    {file = "pyzmq-27.0.2-cp314-cp314t-manylinux_2_26_x86_64.manylinux_2_28_x86_64.whl", hash = "sha256:565bee96a155fe6452caed5fb5f60c9862038e6b51a59f4f632562081cdb4004"},
    {file = "pyzmq-27.0.2-cp314-cp314t-musllinux_1_2_aarch64.whl", hash = "sha256:5de735c745ca5cefe9c2d1547d8f28cfe1b1926aecb7483ab1102fd0a746c093"},
    {file = "pyzmq-27.0.2-cp314-cp314t-musllinux_1_2_i686.whl", hash = "sha256:ea4f498f8115fd90d7bf03a3e83ae3e9898e43362f8e8e8faec93597206e15cc"},
    {file = "pyzmq-27.0.2-cp314-cp314t-musllinux_1_2_x86_64.whl", hash = "sha256:d00e81cb0afd672915257a3927124ee2ad117ace3c256d39cd97ca3f190152ad"},
    {file = "pyzmq-27.0.2-cp314-cp314t-win32.whl", hash = "sha256:0f6e9b00d81b58f859fffc112365d50413954e02aefe36c5b4c8fb4af79f8cc3"},
    {file = "pyzmq-27.0.2-cp314-cp314t-win_amd64.whl", hash = "sha256:2e73cf3b127a437fef4100eb3ac2ebe6b49e655bb721329f667f59eca0a26221"},
    {file = "pyzmq-27.0.2-cp314-cp314t-win_arm64.whl", hash = "sha256:4108785f2e5ac865d06f678a07a1901e3465611356df21a545eeea8b45f56265"},
    {file = "pyzmq-27.0.2-cp38-cp38-macosx_10_15_universal2.whl", hash = "sha256:59a50f5eedf8ed20b7dbd57f1c29b2de003940dea3eedfbf0fbfea05ee7f9f61"},
    {file = "pyzmq-27.0.2-cp38-cp38-manylinux2014_i686.manylinux_2_17_i686.whl", hash = "sha256:a00e6390e52770ba1ec753b2610f90b4f00e74c71cfc5405b917adf3cc39565e"},
    {file = "pyzmq-27.0.2-cp38-cp38-manylinux2014_x86_64.manylinux_2_17_x86_64.whl", hash = "sha256:49d8d05d9844d83cddfbc86a82ac0cafe7ab694fcc9c9618de8d015c318347c3"},
    {file = "pyzmq-27.0.2-cp38-cp38-manylinux_2_26_aarch64.manylinux_2_28_aarch64.whl", hash = "sha256:3660d85e2b6a28eb2d586dedab9c61a7b7c64ab0d89a35d2973c7be336f12b0d"},
    {file = "pyzmq-27.0.2-cp38-cp38-musllinux_1_2_aarch64.whl", hash = "sha256:bccfee44b392f4d13bbf05aa88d8f7709271b940a8c398d4216fde6b717624ae"},
    {file = "pyzmq-27.0.2-cp38-cp38-musllinux_1_2_i686.whl", hash = "sha256:989066d51686415f1da646d6e2c5364a9b084777c29d9d1720aa5baf192366ef"},
    {file = "pyzmq-27.0.2-cp38-cp38-musllinux_1_2_x86_64.whl", hash = "sha256:cc283595b82f0db155a52f6462945c7b6b47ecaae2f681746eeea537c95cf8c9"},
    {file = "pyzmq-27.0.2-cp38-cp38-win32.whl", hash = "sha256:ad38daf57495beadc0d929e8901b2aa46ff474239b5a8a46ccc7f67dc01d2335"},
    {file = "pyzmq-27.0.2-cp38-cp38-win_amd64.whl", hash = "sha256:36508466a266cf78bba2f56529ad06eb38ba827f443b47388d420bec14d331ba"},
    {file = "pyzmq-27.0.2-cp39-cp39-macosx_10_15_universal2.whl", hash = "sha256:aa9c1c208c263b84386ac25bed6af5672397dc3c232638114fc09bca5c7addf9"},
    {file = "pyzmq-27.0.2-cp39-cp39-manylinux2014_i686.manylinux_2_17_i686.whl", hash = "sha256:795c4884cfe7ea59f2b67d82b417e899afab889d332bfda13b02f8e0c155b2e4"},
    {file = "pyzmq-27.0.2-cp39-cp39-manylinux2014_x86_64.manylinux_2_17_x86_64.whl", hash = "sha256:47eb65bb25478358ba3113dd9a08344f616f417ad3ffcbb190cd874fae72b1b1"},
    {file = "pyzmq-27.0.2-cp39-cp39-manylinux_2_26_aarch64.manylinux_2_28_aarch64.whl", hash = "sha256:a6fc24f00293f10aff04d55ca37029b280474c91f4de2cad5e911e5e10d733b7"},
    {file = "pyzmq-27.0.2-cp39-cp39-musllinux_1_2_aarch64.whl", hash = "sha256:58d4cc9b6b768478adfc40a5cbee545303db8dbc81ba688474e0f499cc581028"},
    {file = "pyzmq-27.0.2-cp39-cp39-musllinux_1_2_i686.whl", hash = "sha256:cea2f26c5972796e02b222968a21a378d09eb4ff590eb3c5fafa8913f8c2bdf5"},
    {file = "pyzmq-27.0.2-cp39-cp39-musllinux_1_2_x86_64.whl", hash = "sha256:a0621ec020c49fc1b6e31304f1a820900d54e7d9afa03ea1634264bf9387519e"},
    {file = "pyzmq-27.0.2-cp39-cp39-win32.whl", hash = "sha256:1326500792a9cb0992db06bbaf5d0098459133868932b81a6e90d45c39eca99d"},
    {file = "pyzmq-27.0.2-cp39-cp39-win_amd64.whl", hash = "sha256:5ee9560cb1e3094ef01fc071b361121a57ebb8d4232912b6607a6d7d2d0a97b4"},
    {file = "pyzmq-27.0.2-cp39-cp39-win_arm64.whl", hash = "sha256:85e3c6fb0d25ea046ebcfdc2bcb9683d663dc0280645c79a616ff5077962a15b"},
    {file = "pyzmq-27.0.2-pp310-pypy310_pp73-macosx_10_15_x86_64.whl", hash = "sha256:d67a0960803a37b60f51b460c58444bc7033a804c662f5735172e21e74ee4902"},
    {file = "pyzmq-27.0.2-pp310-pypy310_pp73-manylinux2014_i686.manylinux_2_17_i686.whl", hash = "sha256:dd4d3e6a567ffd0d232cfc667c49d0852d0ee7481458a2a1593b9b1bc5acba88"},
    {file = "pyzmq-27.0.2-pp310-pypy310_pp73-manylinux_2_26_aarch64.manylinux_2_28_aarch64.whl", hash = "sha256:5e558be423631704803bc6a642e2caa96083df759e25fe6eb01f2d28725f80bd"},
    {file = "pyzmq-27.0.2-pp310-pypy310_pp73-manylinux_2_26_x86_64.manylinux_2_28_x86_64.whl", hash = "sha256:c4c20ba8389f495c7b4f6b896bb1ca1e109a157d4f189267a902079699aaf787"},
    {file = "pyzmq-27.0.2-pp310-pypy310_pp73-win_amd64.whl", hash = "sha256:c5be232f7219414ff672ff7ab8c5a7e8632177735186d8a42b57b491fafdd64e"},
    {file = "pyzmq-27.0.2-pp311-pypy311_pp73-macosx_10_15_x86_64.whl", hash = "sha256:e297784aea724294fe95e442e39a4376c2f08aa4fae4161c669f047051e31b02"},
    {file = "pyzmq-27.0.2-pp311-pypy311_pp73-manylinux2014_i686.manylinux_2_17_i686.whl", hash = "sha256:e3659a79ded9745bc9c2aef5b444ac8805606e7bc50d2d2eb16dc3ab5483d91f"},
    {file = "pyzmq-27.0.2-pp311-pypy311_pp73-manylinux_2_26_aarch64.manylinux_2_28_aarch64.whl", hash = "sha256:f3dba49ff037d02373a9306b58d6c1e0be031438f822044e8767afccfdac4c6b"},
    {file = "pyzmq-27.0.2-pp311-pypy311_pp73-manylinux_2_26_x86_64.manylinux_2_28_x86_64.whl", hash = "sha256:de84e1694f9507b29e7b263453a2255a73e3d099d258db0f14539bad258abe41"},
    {file = "pyzmq-27.0.2-pp311-pypy311_pp73-win_amd64.whl", hash = "sha256:f0944d65ba2b872b9fcece08411d6347f15a874c775b4c3baae7f278550da0fb"},
    {file = "pyzmq-27.0.2-pp38-pypy38_pp73-macosx_10_15_x86_64.whl", hash = "sha256:05288947797dcd6724702db2056972dceef9963a83041eb734aea504416094ec"},
    {file = "pyzmq-27.0.2-pp38-pypy38_pp73-manylinux2014_i686.manylinux_2_17_i686.whl", hash = "sha256:dff9198adbb6810ad857f3bfa59b4859c45acb02b0d198b39abeafb9148474f3"},
    {file = "pyzmq-27.0.2-pp38-pypy38_pp73-manylinux2014_x86_64.manylinux_2_17_x86_64.whl", hash = "sha256:849123fd9982c7f63911fdceba9870f203f0f32c953a3bab48e7f27803a0e3ec"},
    {file = "pyzmq-27.0.2-pp38-pypy38_pp73-manylinux_2_26_aarch64.manylinux_2_28_aarch64.whl", hash = "sha256:c5ee06945f3069e3609819890a01958c4bbfea7a2b31ae87107c6478838d309e"},
    {file = "pyzmq-27.0.2-pp38-pypy38_pp73-win_amd64.whl", hash = "sha256:6156ad5e8bbe8a78a3f5b5757c9a883b0012325c83f98ce6d58fcec81e8b3d06"},
    {file = "pyzmq-27.0.2-pp39-pypy39_pp73-macosx_10_15_x86_64.whl", hash = "sha256:400f34321e3bd89b1165b91ea6b18ad26042ba9ad0dfed8b35049e2e24eeab9b"},
    {file = "pyzmq-27.0.2-pp39-pypy39_pp73-manylinux2014_i686.manylinux_2_17_i686.whl", hash = "sha256:9cbad4ef12e4c15c94d2c24ecd15a8ed56bf091c62f121a2b0c618ddd4b7402b"},
    {file = "pyzmq-27.0.2-pp39-pypy39_pp73-manylinux2014_x86_64.manylinux_2_17_x86_64.whl", hash = "sha256:6b2b74aac3392b8cf508ccb68c980a8555298cd378434a2d065d6ce0f4211dff"},
    {file = "pyzmq-27.0.2-pp39-pypy39_pp73-manylinux_2_26_aarch64.manylinux_2_28_aarch64.whl", hash = "sha256:7db5db88c24cf9253065d69229a148ff60821e5d6f8ff72579b1f80f8f348bab"},
    {file = "pyzmq-27.0.2-pp39-pypy39_pp73-win_amd64.whl", hash = "sha256:8ffe40c216c41756ca05188c3e24a23142334b304f7aebd75c24210385e35573"},
    {file = "pyzmq-27.0.2.tar.gz", hash = "sha256:b398dd713b18de89730447347e96a0240225e154db56e35b6bb8447ffdb07798"},
]

[package.dependencies]
cffi = {version = "*", markers = "implementation_name == \"pypy\""}

[[package]]
name = "s3transfer"
version = "0.13.1"
description = "An Amazon S3 Transfer Manager"
optional = false
python-versions = ">=3.9"
groups = ["main"]
files = [
    {file = "s3transfer-0.13.1-py3-none-any.whl", hash = "sha256:a981aa7429be23fe6dfc13e80e4020057cbab622b08c0315288758d67cabc724"},
    {file = "s3transfer-0.13.1.tar.gz", hash = "sha256:c3fdba22ba1bd367922f27ec8032d6a1cf5f10c934fb5d68cf60fd5a23d936cf"},
]

[package.dependencies]
botocore = ">=1.37.4,<2.0a.0"

[package.extras]
crt = ["botocore[crt] (>=1.37.4,<2.0a.0)"]

[[package]]
name = "scikit-learn"
version = "1.7.1"
description = "A set of python modules for machine learning and data mining"
optional = false
python-versions = ">=3.10"
groups = ["main"]
files = [
    {file = "scikit_learn-1.7.1-cp310-cp310-macosx_10_9_x86_64.whl", hash = "sha256:406204dd4004f0517f0b23cf4b28c6245cbd51ab1b6b78153bc784def214946d"},
    {file = "scikit_learn-1.7.1-cp310-cp310-macosx_12_0_arm64.whl", hash = "sha256:16af2e44164f05d04337fd1fc3ae7c4ea61fd9b0d527e22665346336920fe0e1"},
    {file = "scikit_learn-1.7.1-cp310-cp310-manylinux2014_x86_64.manylinux_2_17_x86_64.whl", hash = "sha256:2f2e78e56a40c7587dea9a28dc4a49500fa2ead366869418c66f0fd75b80885c"},
    {file = "scikit_learn-1.7.1-cp310-cp310-manylinux_2_27_aarch64.manylinux_2_28_aarch64.whl", hash = "sha256:b62b76ad408a821475b43b7bb90a9b1c9a4d8d125d505c2df0539f06d6e631b1"},
    {file = "scikit_learn-1.7.1-cp310-cp310-win_amd64.whl", hash = "sha256:9963b065677a4ce295e8ccdee80a1dd62b37249e667095039adcd5bce6e90deb"},
    {file = "scikit_learn-1.7.1-cp311-cp311-macosx_10_9_x86_64.whl", hash = "sha256:90c8494ea23e24c0fb371afc474618c1019dc152ce4a10e4607e62196113851b"},
    {file = "scikit_learn-1.7.1-cp311-cp311-macosx_12_0_arm64.whl", hash = "sha256:bb870c0daf3bf3be145ec51df8ac84720d9972170786601039f024bf6d61a518"},
    {file = "scikit_learn-1.7.1-cp311-cp311-manylinux2014_x86_64.manylinux_2_17_x86_64.whl", hash = "sha256:40daccd1b5623f39e8943ab39735cadf0bdce80e67cdca2adcb5426e987320a8"},
    {file = "scikit_learn-1.7.1-cp311-cp311-manylinux_2_27_aarch64.manylinux_2_28_aarch64.whl", hash = "sha256:30d1f413cfc0aa5a99132a554f1d80517563c34a9d3e7c118fde2d273c6fe0f7"},
    {file = "scikit_learn-1.7.1-cp311-cp311-win_amd64.whl", hash = "sha256:c711d652829a1805a95d7fe96654604a8f16eab5a9e9ad87b3e60173415cb650"},
    {file = "scikit_learn-1.7.1-cp312-cp312-macosx_10_13_x86_64.whl", hash = "sha256:3cee419b49b5bbae8796ecd690f97aa412ef1674410c23fc3257c6b8b85b8087"},
    {file = "scikit_learn-1.7.1-cp312-cp312-macosx_12_0_arm64.whl", hash = "sha256:2fd8b8d35817b0d9ebf0b576f7d5ffbbabdb55536b0655a8aaae629d7ffd2e1f"},
    {file = "scikit_learn-1.7.1-cp312-cp312-manylinux2014_x86_64.manylinux_2_17_x86_64.whl", hash = "sha256:588410fa19a96a69763202f1d6b7b91d5d7a5d73be36e189bc6396bfb355bd87"},
    {file = "scikit_learn-1.7.1-cp312-cp312-manylinux_2_27_aarch64.manylinux_2_28_aarch64.whl", hash = "sha256:e3142f0abe1ad1d1c31a2ae987621e41f6b578144a911ff4ac94781a583adad7"},
    {file = "scikit_learn-1.7.1-cp312-cp312-win_amd64.whl", hash = "sha256:3ddd9092c1bd469acab337d87930067c87eac6bd544f8d5027430983f1e1ae88"},
    {file = "scikit_learn-1.7.1-cp313-cp313-macosx_10_13_x86_64.whl", hash = "sha256:b7839687fa46d02e01035ad775982f2470be2668e13ddd151f0f55a5bf123bae"},
    {file = "scikit_learn-1.7.1-cp313-cp313-macosx_12_0_arm64.whl", hash = "sha256:a10f276639195a96c86aa572ee0698ad64ee939a7b042060b98bd1930c261d10"},
    {file = "scikit_learn-1.7.1-cp313-cp313-manylinux2014_x86_64.manylinux_2_17_x86_64.whl", hash = "sha256:13679981fdaebc10cc4c13c43344416a86fcbc61449cb3e6517e1df9d12c8309"},
    {file = "scikit_learn-1.7.1-cp313-cp313-manylinux_2_27_aarch64.manylinux_2_28_aarch64.whl", hash = "sha256:4f1262883c6a63f067a980a8cdd2d2e7f2513dddcef6a9eaada6416a7a7cbe43"},
    {file = "scikit_learn-1.7.1-cp313-cp313-win_amd64.whl", hash = "sha256:ca6d31fb10e04d50bfd2b50d66744729dbb512d4efd0223b864e2fdbfc4cee11"},
    {file = "scikit_learn-1.7.1-cp313-cp313t-macosx_10_13_x86_64.whl", hash = "sha256:781674d096303cfe3d351ae6963ff7c958db61cde3421cd490e3a5a58f2a94ae"},
    {file = "scikit_learn-1.7.1-cp313-cp313t-macosx_12_0_arm64.whl", hash = "sha256:10679f7f125fe7ecd5fad37dd1aa2daae7e3ad8df7f3eefa08901b8254b3e12c"},
    {file = "scikit_learn-1.7.1-cp313-cp313t-manylinux2014_x86_64.manylinux_2_17_x86_64.whl", hash = "sha256:1f812729e38c8cb37f760dce71a9b83ccfb04f59b3dca7c6079dcdc60544fa9e"},
    {file = "scikit_learn-1.7.1-cp313-cp313t-manylinux_2_27_aarch64.manylinux_2_28_aarch64.whl", hash = "sha256:88e1a20131cf741b84b89567e1717f27a2ced228e0f29103426102bc2e3b8ef7"},
    {file = "scikit_learn-1.7.1-cp313-cp313t-win_amd64.whl", hash = "sha256:b1bd1d919210b6a10b7554b717c9000b5485aa95a1d0f177ae0d7ee8ec750da5"},
    {file = "scikit_learn-1.7.1.tar.gz", hash = "sha256:24b3f1e976a4665aa74ee0fcaac2b8fccc6ae77c8e07ab25da3ba6d3292b9802"},
]

[package.dependencies]
joblib = ">=1.2.0"
numpy = ">=1.22.0"
scipy = ">=1.8.0"
threadpoolctl = ">=3.1.0"

[package.extras]
benchmark = ["matplotlib (>=3.5.0)", "memory_profiler (>=0.57.0)", "pandas (>=1.4.0)"]
build = ["cython (>=3.0.10)", "meson-python (>=0.17.1)", "numpy (>=1.22.0)", "scipy (>=1.8.0)"]
docs = ["Pillow (>=8.4.0)", "matplotlib (>=3.5.0)", "memory_profiler (>=0.57.0)", "numpydoc (>=1.2.0)", "pandas (>=1.4.0)", "plotly (>=5.14.0)", "polars (>=0.20.30)", "pooch (>=1.6.0)", "pydata-sphinx-theme (>=0.15.3)", "scikit-image (>=0.19.0)", "seaborn (>=0.9.0)", "sphinx (>=7.3.7)", "sphinx-copybutton (>=0.5.2)", "sphinx-design (>=0.5.0)", "sphinx-design (>=0.6.0)", "sphinx-gallery (>=0.17.1)", "sphinx-prompt (>=1.4.0)", "sphinx-remove-toctrees (>=1.0.0.post1)", "sphinxcontrib-sass (>=0.3.4)", "sphinxext-opengraph (>=0.9.1)", "towncrier (>=24.8.0)"]
examples = ["matplotlib (>=3.5.0)", "pandas (>=1.4.0)", "plotly (>=5.14.0)", "pooch (>=1.6.0)", "scikit-image (>=0.19.0)", "seaborn (>=0.9.0)"]
install = ["joblib (>=1.2.0)", "numpy (>=1.22.0)", "scipy (>=1.8.0)", "threadpoolctl (>=3.1.0)"]
maintenance = ["conda-lock (==3.0.1)"]
tests = ["matplotlib (>=3.5.0)", "mypy (>=1.15)", "numpydoc (>=1.2.0)", "pandas (>=1.4.0)", "polars (>=0.20.30)", "pooch (>=1.6.0)", "pyamg (>=4.2.1)", "pyarrow (>=12.0.0)", "pytest (>=7.1.2)", "pytest-cov (>=2.9.0)", "ruff (>=0.11.7)", "scikit-image (>=0.19.0)"]

[[package]]
name = "scipy"
version = "1.16.1"
description = "Fundamental algorithms for scientific computing in Python"
optional = false
python-versions = ">=3.11"
groups = ["main"]
files = [
    {file = "scipy-1.16.1-cp311-cp311-macosx_10_14_x86_64.whl", hash = "sha256:c033fa32bab91dc98ca59d0cf23bb876454e2bb02cbe592d5023138778f70030"},
    {file = "scipy-1.16.1-cp311-cp311-macosx_12_0_arm64.whl", hash = "sha256:6e5c2f74e5df33479b5cd4e97a9104c511518fbd979aa9b8f6aec18b2e9ecae7"},
    {file = "scipy-1.16.1-cp311-cp311-macosx_14_0_arm64.whl", hash = "sha256:0a55ffe0ba0f59666e90951971a884d1ff6f4ec3275a48f472cfb64175570f77"},
    {file = "scipy-1.16.1-cp311-cp311-macosx_14_0_x86_64.whl", hash = "sha256:f8a5d6cd147acecc2603fbd382fed6c46f474cccfcf69ea32582e033fb54dcfe"},
    {file = "scipy-1.16.1-cp311-cp311-manylinux2014_aarch64.manylinux_2_17_aarch64.whl", hash = "sha256:cb18899127278058bcc09e7b9966d41a5a43740b5bb8dcba401bd983f82e885b"},
    {file = "scipy-1.16.1-cp311-cp311-manylinux2014_x86_64.manylinux_2_17_x86_64.whl", hash = "sha256:adccd93a2fa937a27aae826d33e3bfa5edf9aa672376a4852d23a7cd67a2e5b7"},
    {file = "scipy-1.16.1-cp311-cp311-musllinux_1_2_aarch64.whl", hash = "sha256:18aca1646a29ee9a0625a1be5637fa798d4d81fdf426481f06d69af828f16958"},
    {file = "scipy-1.16.1-cp311-cp311-musllinux_1_2_x86_64.whl", hash = "sha256:d85495cef541729a70cdddbbf3e6b903421bc1af3e8e3a9a72a06751f33b7c39"},
    {file = "scipy-1.16.1-cp311-cp311-win_amd64.whl", hash = "sha256:226652fca853008119c03a8ce71ffe1b3f6d2844cc1686e8f9806edafae68596"},
    {file = "scipy-1.16.1-cp312-cp312-macosx_10_14_x86_64.whl", hash = "sha256:81b433bbeaf35728dad619afc002db9b189e45eebe2cd676effe1fb93fef2b9c"},
    {file = "scipy-1.16.1-cp312-cp312-macosx_12_0_arm64.whl", hash = "sha256:886cc81fdb4c6903a3bb0464047c25a6d1016fef77bb97949817d0c0d79f9e04"},
    {file = "scipy-1.16.1-cp312-cp312-macosx_14_0_arm64.whl", hash = "sha256:15240c3aac087a522b4eaedb09f0ad061753c5eebf1ea430859e5bf8640d5919"},
    {file = "scipy-1.16.1-cp312-cp312-macosx_14_0_x86_64.whl", hash = "sha256:65f81a25805f3659b48126b5053d9e823d3215e4a63730b5e1671852a1705921"},
    {file = "scipy-1.16.1-cp312-cp312-manylinux2014_aarch64.manylinux_2_17_aarch64.whl", hash = "sha256:6c62eea7f607f122069b9bad3f99489ddca1a5173bef8a0c75555d7488b6f725"},
    {file = "scipy-1.16.1-cp312-cp312-manylinux2014_x86_64.manylinux_2_17_x86_64.whl", hash = "sha256:f965bbf3235b01c776115ab18f092a95aa74c271a52577bcb0563e85738fd618"},
    {file = "scipy-1.16.1-cp312-cp312-musllinux_1_2_aarch64.whl", hash = "sha256:f006e323874ffd0b0b816d8c6a8e7f9a73d55ab3b8c3f72b752b226d0e3ac83d"},
    {file = "scipy-1.16.1-cp312-cp312-musllinux_1_2_x86_64.whl", hash = "sha256:e8fd15fc5085ab4cca74cb91fe0a4263b1f32e4420761ddae531ad60934c2119"},
    {file = "scipy-1.16.1-cp312-cp312-win_amd64.whl", hash = "sha256:f7b8013c6c066609577d910d1a2a077021727af07b6fab0ee22c2f901f22352a"},
    {file = "scipy-1.16.1-cp313-cp313-macosx_10_14_x86_64.whl", hash = "sha256:5451606823a5e73dfa621a89948096c6528e2896e40b39248295d3a0138d594f"},
    {file = "scipy-1.16.1-cp313-cp313-macosx_12_0_arm64.whl", hash = "sha256:89728678c5ca5abd610aee148c199ac1afb16e19844401ca97d43dc548a354eb"},
    {file = "scipy-1.16.1-cp313-cp313-macosx_14_0_arm64.whl", hash = "sha256:e756d688cb03fd07de0fffad475649b03cb89bee696c98ce508b17c11a03f95c"},
    {file = "scipy-1.16.1-cp313-cp313-macosx_14_0_x86_64.whl", hash = "sha256:5aa2687b9935da3ed89c5dbed5234576589dd28d0bf7cd237501ccfbdf1ad608"},
    {file = "scipy-1.16.1-cp313-cp313-manylinux2014_aarch64.manylinux_2_17_aarch64.whl", hash = "sha256:0851f6a1e537fe9399f35986897e395a1aa61c574b178c0d456be5b1a0f5ca1f"},
    {file = "scipy-1.16.1-cp313-cp313-manylinux2014_x86_64.manylinux_2_17_x86_64.whl", hash = "sha256:fedc2cbd1baed37474b1924c331b97bdff611d762c196fac1a9b71e67b813b1b"},
    {file = "scipy-1.16.1-cp313-cp313-musllinux_1_2_aarch64.whl", hash = "sha256:2ef500e72f9623a6735769e4b93e9dcb158d40752cdbb077f305487e3e2d1f45"},
    {file = "scipy-1.16.1-cp313-cp313-musllinux_1_2_x86_64.whl", hash = "sha256:978d8311674b05a8f7ff2ea6c6bce5d8b45a0cb09d4c5793e0318f448613ea65"},
    {file = "scipy-1.16.1-cp313-cp313-win_amd64.whl", hash = "sha256:81929ed0fa7a5713fcdd8b2e6f73697d3b4c4816d090dd34ff937c20fa90e8ab"},
    {file = "scipy-1.16.1-cp313-cp313t-macosx_10_14_x86_64.whl", hash = "sha256:bcc12db731858abda693cecdb3bdc9e6d4bd200213f49d224fe22df82687bdd6"},
    {file = "scipy-1.16.1-cp313-cp313t-macosx_12_0_arm64.whl", hash = "sha256:744d977daa4becb9fc59135e75c069f8d301a87d64f88f1e602a9ecf51e77b27"},
    {file = "scipy-1.16.1-cp313-cp313t-macosx_14_0_arm64.whl", hash = "sha256:dc54f76ac18073bcecffb98d93f03ed6b81a92ef91b5d3b135dcc81d55a724c7"},
    {file = "scipy-1.16.1-cp313-cp313t-macosx_14_0_x86_64.whl", hash = "sha256:367d567ee9fc1e9e2047d31f39d9d6a7a04e0710c86e701e053f237d14a9b4f6"},
    {file = "scipy-1.16.1-cp313-cp313t-manylinux2014_aarch64.manylinux_2_17_aarch64.whl", hash = "sha256:4cf5785e44e19dcd32a0e4807555e1e9a9b8d475c6afff3d21c3c543a6aa84f4"},
    {file = "scipy-1.16.1-cp313-cp313t-manylinux2014_x86_64.manylinux_2_17_x86_64.whl", hash = "sha256:3d0b80fb26d3e13a794c71d4b837e2a589d839fd574a6bbb4ee1288c213ad4a3"},
    {file = "scipy-1.16.1-cp313-cp313t-musllinux_1_2_aarch64.whl", hash = "sha256:8503517c44c18d1030d666cb70aaac1cc8913608816e06742498833b128488b7"},
    {file = "scipy-1.16.1-cp313-cp313t-musllinux_1_2_x86_64.whl", hash = "sha256:30cc4bb81c41831ecfd6dc450baf48ffd80ef5aed0f5cf3ea775740e80f16ecc"},
    {file = "scipy-1.16.1-cp313-cp313t-win_amd64.whl", hash = "sha256:c24fa02f7ed23ae514460a22c57eca8f530dbfa50b1cfdbf4f37c05b5309cc39"},
    {file = "scipy-1.16.1-cp314-cp314-macosx_10_14_x86_64.whl", hash = "sha256:796a5a9ad36fa3a782375db8f4241ab02a091308eb079746bc0f874c9b998318"},
    {file = "scipy-1.16.1-cp314-cp314-macosx_12_0_arm64.whl", hash = "sha256:3ea0733a2ff73fd6fdc5fecca54ee9b459f4d74f00b99aced7d9a3adb43fb1cc"},
    {file = "scipy-1.16.1-cp314-cp314-macosx_14_0_arm64.whl", hash = "sha256:85764fb15a2ad994e708258bb4ed8290d1305c62a4e1ef07c414356a24fcfbf8"},
    {file = "scipy-1.16.1-cp314-cp314-macosx_14_0_x86_64.whl", hash = "sha256:ca66d980469cb623b1759bdd6e9fd97d4e33a9fad5b33771ced24d0cb24df67e"},
    {file = "scipy-1.16.1-cp314-cp314-manylinux2014_aarch64.manylinux_2_17_aarch64.whl", hash = "sha256:e7cc1ffcc230f568549fc56670bcf3df1884c30bd652c5da8138199c8c76dae0"},
    {file = "scipy-1.16.1-cp314-cp314-manylinux2014_x86_64.manylinux_2_17_x86_64.whl", hash = "sha256:3ddfb1e8d0b540cb4ee9c53fc3dea3186f97711248fb94b4142a1b27178d8b4b"},
    {file = "scipy-1.16.1-cp314-cp314-musllinux_1_2_aarch64.whl", hash = "sha256:4dc0e7be79e95d8ba3435d193e0d8ce372f47f774cffd882f88ea4e1e1ddc731"},
    {file = "scipy-1.16.1-cp314-cp314-musllinux_1_2_x86_64.whl", hash = "sha256:f23634f9e5adb51b2a77766dac217063e764337fbc816aa8ad9aaebcd4397fd3"},
    {file = "scipy-1.16.1-cp314-cp314-win_amd64.whl", hash = "sha256:57d75524cb1c5a374958a2eae3d84e1929bb971204cc9d52213fb8589183fc19"},
    {file = "scipy-1.16.1-cp314-cp314t-macosx_10_14_x86_64.whl", hash = "sha256:d8da7c3dd67bcd93f15618938f43ed0995982eb38973023d46d4646c4283ad65"},
    {file = "scipy-1.16.1-cp314-cp314t-macosx_12_0_arm64.whl", hash = "sha256:cc1d2f2fd48ba1e0620554fe5bc44d3e8f5d4185c8c109c7fbdf5af2792cfad2"},
    {file = "scipy-1.16.1-cp314-cp314t-macosx_14_0_arm64.whl", hash = "sha256:21a611ced9275cb861bacadbada0b8c0623bc00b05b09eb97f23b370fc2ae56d"},
    {file = "scipy-1.16.1-cp314-cp314t-macosx_14_0_x86_64.whl", hash = "sha256:8dfbb25dffc4c3dd9371d8ab456ca81beeaf6f9e1c2119f179392f0dc1ab7695"},
    {file = "scipy-1.16.1-cp314-cp314t-manylinux2014_aarch64.manylinux_2_17_aarch64.whl", hash = "sha256:f0ebb7204f063fad87fc0a0e4ff4a2ff40b2a226e4ba1b7e34bf4b79bf97cd86"},
    {file = "scipy-1.16.1-cp314-cp314t-manylinux2014_x86_64.manylinux_2_17_x86_64.whl", hash = "sha256:f1b9e5962656f2734c2b285a8745358ecb4e4efbadd00208c80a389227ec61ff"},
    {file = "scipy-1.16.1-cp314-cp314t-musllinux_1_2_aarch64.whl", hash = "sha256:5e1a106f8c023d57a2a903e771228bf5c5b27b5d692088f457acacd3b54511e4"},
    {file = "scipy-1.16.1-cp314-cp314t-musllinux_1_2_x86_64.whl", hash = "sha256:709559a1db68a9abc3b2c8672c4badf1614f3b440b3ab326d86a5c0491eafae3"},
    {file = "scipy-1.16.1-cp314-cp314t-win_amd64.whl", hash = "sha256:c0c804d60492a0aad7f5b2bb1862f4548b990049e27e828391ff2bf6f7199998"},
    {file = "scipy-1.16.1.tar.gz", hash = "sha256:44c76f9e8b6e8e488a586190ab38016e4ed2f8a038af7cd3defa903c0a2238b3"},
]

[package.dependencies]
numpy = ">=1.25.2,<2.6"

[package.extras]
dev = ["cython-lint (>=0.12.2)", "doit (>=0.36.0)", "mypy (==1.10.0)", "pycodestyle", "pydevtool", "rich-click", "ruff (>=0.0.292)", "types-psutil", "typing_extensions"]
doc = ["intersphinx_registry", "jupyterlite-pyodide-kernel", "jupyterlite-sphinx (>=0.19.1)", "jupytext", "linkify-it-py", "matplotlib (>=3.5)", "myst-nb (>=1.2.0)", "numpydoc", "pooch", "pydata-sphinx-theme (>=0.15.2)", "sphinx (>=5.0.0,<8.2.0)", "sphinx-copybutton", "sphinx-design (>=0.4.0)"]
test = ["Cython", "array-api-strict (>=2.3.1)", "asv", "gmpy2", "hypothesis (>=6.30)", "meson", "mpmath", "ninja ; sys_platform != \"emscripten\"", "pooch", "pytest", "pytest-cov", "pytest-timeout", "pytest-xdist", "scikit-umfpack", "threadpoolctl"]

[[package]]
name = "seaborn"
version = "0.13.2"
description = "Statistical data visualization"
optional = false
python-versions = ">=3.8"
groups = ["main"]
files = [
    {file = "seaborn-0.13.2-py3-none-any.whl", hash = "sha256:636f8336facf092165e27924f223d3c62ca560b1f2bb5dff7ab7fad265361987"},
    {file = "seaborn-0.13.2.tar.gz", hash = "sha256:93e60a40988f4d65e9f4885df477e2fdaff6b73a9ded434c1ab356dd57eefff7"},
]

[package.dependencies]
matplotlib = ">=3.4,<3.6.1 || >3.6.1"
numpy = ">=1.20,<1.24.0 || >1.24.0"
pandas = ">=1.2"

[package.extras]
dev = ["flake8", "flit", "mypy", "pandas-stubs", "pre-commit", "pytest", "pytest-cov", "pytest-xdist"]
docs = ["ipykernel", "nbconvert", "numpydoc", "pydata_sphinx_theme (==0.10.0rc2)", "pyyaml", "sphinx (<6.0.0)", "sphinx-copybutton", "sphinx-design", "sphinx-issues"]
stats = ["scipy (>=1.7)", "statsmodels (>=0.12)"]

[[package]]
name = "six"
version = "1.17.0"
description = "Python 2 and 3 compatibility utilities"
optional = false
python-versions = "!=3.0.*,!=3.1.*,!=3.2.*,>=2.7"
groups = ["main", "dev"]
files = [
    {file = "six-1.17.0-py2.py3-none-any.whl", hash = "sha256:4721f391ed90541fddacab5acf947aa0d3dc7d27b2e1e8eda2be8970586c3274"},
    {file = "six-1.17.0.tar.gz", hash = "sha256:ff70335d468e7eb6ec65b95b99d3a2836546063f63acc5171de367e834932a81"},
]

[[package]]
name = "stack-data"
version = "0.6.3"
description = "Extract data from python stack frames and tracebacks for informative displays"
optional = false
python-versions = "*"
groups = ["dev"]
files = [
    {file = "stack_data-0.6.3-py3-none-any.whl", hash = "sha256:d5558e0c25a4cb0853cddad3d77da9891a08cb85dd9f9f91b9f8cd66e511e695"},
    {file = "stack_data-0.6.3.tar.gz", hash = "sha256:836a778de4fec4dcd1dcd89ed8abff8a221f58308462e1c4aa2a3cf30148f0b9"},
]

[package.dependencies]
asttokens = ">=2.1.0"
executing = ">=1.2.0"
pure-eval = "*"

[package.extras]
tests = ["cython", "littleutils", "pygments", "pytest", "typeguard"]

[[package]]
name = "tabulate"
version = "0.9.0"
description = "Pretty-print tabular data"
optional = false
python-versions = ">=3.7"
groups = ["main"]
files = [
    {file = "tabulate-0.9.0-py3-none-any.whl", hash = "sha256:024ca478df22e9340661486f85298cff5f6dcdba14f3813e8830015b9ed1948f"},
    {file = "tabulate-0.9.0.tar.gz", hash = "sha256:0095b12bf5966de529c0feb1fa08671671b3368eec77d7ef7ab114be2c068b3c"},
]

[package.extras]
widechars = ["wcwidth"]

[[package]]
name = "threadpoolctl"
version = "3.6.0"
description = "threadpoolctl"
optional = false
python-versions = ">=3.9"
groups = ["main"]
files = [
    {file = "threadpoolctl-3.6.0-py3-none-any.whl", hash = "sha256:43a0b8fd5a2928500110039e43a5eed8480b918967083ea48dc3ab9f13c4a7fb"},
    {file = "threadpoolctl-3.6.0.tar.gz", hash = "sha256:8ab8b4aa3491d812b623328249fab5302a68d2d71745c8a4c719a2fcaba9f44e"},
]

[[package]]
name = "tornado"
version = "6.5.2"
description = "Tornado is a Python web framework and asynchronous networking library, originally developed at FriendFeed."
optional = false
python-versions = ">=3.9"
groups = ["dev"]
files = [
    {file = "tornado-6.5.2-cp39-abi3-macosx_10_9_universal2.whl", hash = "sha256:2436822940d37cde62771cff8774f4f00b3c8024fe482e16ca8387b8a2724db6"},
    {file = "tornado-6.5.2-cp39-abi3-macosx_10_9_x86_64.whl", hash = "sha256:583a52c7aa94ee046854ba81d9ebb6c81ec0fd30386d96f7640c96dad45a03ef"},
    {file = "tornado-6.5.2-cp39-abi3-manylinux_2_17_aarch64.manylinux2014_aarch64.whl", hash = "sha256:b0fe179f28d597deab2842b86ed4060deec7388f1fd9c1b4a41adf8af058907e"},
    {file = "tornado-6.5.2-cp39-abi3-manylinux_2_5_i686.manylinux1_i686.manylinux_2_17_i686.manylinux2014_i686.whl", hash = "sha256:b186e85d1e3536d69583d2298423744740986018e393d0321df7340e71898882"},
    {file = "tornado-6.5.2-cp39-abi3-manylinux_2_5_x86_64.manylinux1_x86_64.manylinux_2_17_x86_64.manylinux2014_x86_64.whl", hash = "sha256:e792706668c87709709c18b353da1f7662317b563ff69f00bab83595940c7108"},
    {file = "tornado-6.5.2-cp39-abi3-musllinux_1_2_aarch64.whl", hash = "sha256:06ceb1300fd70cb20e43b1ad8aaee0266e69e7ced38fa910ad2e03285009ce7c"},
    {file = "tornado-6.5.2-cp39-abi3-musllinux_1_2_i686.whl", hash = "sha256:74db443e0f5251be86cbf37929f84d8c20c27a355dd452a5cfa2aada0d001ec4"},
    {file = "tornado-6.5.2-cp39-abi3-musllinux_1_2_x86_64.whl", hash = "sha256:b5e735ab2889d7ed33b32a459cac490eda71a1ba6857b0118de476ab6c366c04"},
    {file = "tornado-6.5.2-cp39-abi3-win32.whl", hash = "sha256:c6f29e94d9b37a95013bb669616352ddb82e3bfe8326fccee50583caebc8a5f0"},
    {file = "tornado-6.5.2-cp39-abi3-win_amd64.whl", hash = "sha256:e56a5af51cc30dd2cae649429af65ca2f6571da29504a07995175df14c18f35f"},
    {file = "tornado-6.5.2-cp39-abi3-win_arm64.whl", hash = "sha256:d6c33dc3672e3a1f3618eb63b7ef4683a7688e7b9e6e8f0d9aa5726360a004af"},
    {file = "tornado-6.5.2.tar.gz", hash = "sha256:ab53c8f9a0fa351e2c0741284e06c7a45da86afb544133201c5cc8578eb076a0"},
]

[[package]]
name = "tqdm"
version = "4.67.1"
description = "Fast, Extensible Progress Meter"
optional = false
python-versions = ">=3.7"
groups = ["main"]
files = [
    {file = "tqdm-4.67.1-py3-none-any.whl", hash = "sha256:26445eca388f82e72884e0d580d5464cd801a3ea01e63e5601bdff9ba6a48de2"},
    {file = "tqdm-4.67.1.tar.gz", hash = "sha256:f8aef9c52c08c13a65f30ea34f4e5aac3fd1a34959879d7e59e63027286627f2"},
]

[package.dependencies]
colorama = {version = "*", markers = "platform_system == \"Windows\""}

[package.extras]
dev = ["nbval", "pytest (>=6)", "pytest-asyncio (>=0.24)", "pytest-cov", "pytest-timeout"]
discord = ["requests"]
notebook = ["ipywidgets (>=6)"]
slack = ["slack-sdk"]
telegram = ["requests"]

[[package]]
name = "traitlets"
version = "5.14.3"
description = "Traitlets Python configuration system"
optional = false
python-versions = ">=3.8"
groups = ["dev"]
files = [
    {file = "traitlets-5.14.3-py3-none-any.whl", hash = "sha256:b74e89e397b1ed28cc831db7aea759ba6640cb3de13090ca145426688ff1ac4f"},
    {file = "traitlets-5.14.3.tar.gz", hash = "sha256:9ed0579d3502c94b4b3732ac120375cda96f923114522847de4b3bb98b96b6b7"},
]

[package.extras]
docs = ["myst-parser", "pydata-sphinx-theme", "sphinx"]
test = ["argcomplete (>=3.0.3)", "mypy (>=1.7.0)", "pre-commit", "pytest (>=7.0,<8.2)", "pytest-mock", "pytest-mypy-testing"]

[[package]]
name = "tzdata"
version = "2025.2"
description = "Provider of IANA time zone data"
optional = false
python-versions = ">=2"
groups = ["main"]
files = [
    {file = "tzdata-2025.2-py2.py3-none-any.whl", hash = "sha256:1a403fada01ff9221ca8044d701868fa132215d84beb92242d9acd2147f667a8"},
    {file = "tzdata-2025.2.tar.gz", hash = "sha256:b60a638fcc0daffadf82fe0f57e53d06bdec2f36c4df66280ae79bce6bd6f2b9"},
]

[[package]]
name = "urllib3"
version = "2.5.0"
description = "HTTP library with thread-safe connection pooling, file post, and more."
optional = false
python-versions = ">=3.9"
groups = ["main"]
files = [
    {file = "urllib3-2.5.0-py3-none-any.whl", hash = "sha256:e6b01673c0fa6a13e374b50871808eb3bf7046c4b125b216f6bf1cc604cff0dc"},
    {file = "urllib3-2.5.0.tar.gz", hash = "sha256:3fc47733c7e419d4bc3f6b3dc2b4f890bb743906a30d56ba4a5bfa4bbff92760"},
]

[package.extras]
brotli = ["brotli (>=1.0.9) ; platform_python_implementation == \"CPython\"", "brotlicffi (>=0.8.0) ; platform_python_implementation != \"CPython\""]
h2 = ["h2 (>=4,<5)"]
socks = ["pysocks (>=1.5.6,!=1.5.7,<2.0)"]
zstd = ["zstandard (>=0.18.0)"]

[[package]]
name = "wcwidth"
version = "0.2.13"
description = "Measures the displayed width of unicode strings in a terminal"
optional = false
python-versions = "*"
groups = ["dev"]
files = [
    {file = "wcwidth-0.2.13-py2.py3-none-any.whl", hash = "sha256:3da69048e4540d84af32131829ff948f1e022c1c6bdb8d6102117aac784f6859"},
    {file = "wcwidth-0.2.13.tar.gz", hash = "sha256:72ea0c06399eb286d978fdedb6923a9eb47e1c486ce63e9b4e64fc18303972b5"},
]

[metadata]
lock-version = "2.1"
python-versions = ">=3.12,<4.0"
content-hash = "0ddf18800a7e499315405d0e60bdad69b1b767a73b73c3ab9af864824baa9f4f"
